80, 77, 77, 4.689794990689102, 22.837234497070312, -0.002227954145823536
125, 77, 77, 4.519252114868849, 23.614337921142578, -0.007400903601135429
170, 77, 77, 4.537350540176839, 23.650447845458984, -0.0030751546253464748
215, 77, 77, 4.557601476442445, 23.14139747619629, 0.0022924722158041994
260, 77, 77, 4.535079977677239, 23.30030059814453, 0.011282834673320424
305, 77, 77, 4.484730428487126, 24.04906463623047, 0.0073759936160495525
350, 77, 77, 4.555683756922287, 24.19970703125, 0.016660890021819193
395, 77, 77, 4.405527761997545, 24.008596420288086, -0.004585723283057977
440, 77, 77, 3.81152767949441, 24.151214599609375, -0.006327836781214516
80, 77, 257, 4.3854994497725786, 29.366016387939453, 0.013157889207885761
125, 77, 257, 4.3857606960119755, 29.32175064086914, 0.03148588360906098
170, 77, 257, 4.597513691353228, 28.92736053466797, 0.022671159912711476
215, 77, 257, 4.301644002567987, 28.80556869506836, 0.03443633350405446
260, 77, 257, 4.033048372985623, 28.906234741210938, 0.09422892431921126
305, 77, 257, 4.414239947692973, 29.367977142333984, 0.015304856201084682
350, 77, 257, 4.30241348159254, 28.964086532592773, 0.0023077734982522823
395, 77, 257, 4.404004783256909, 28.840518951416016, 0.00401230576204227
440, 77, 257, 3.7170421604121326, 28.937591552734375, -0.0003762567882738284
80, 77, 437, 4.5054719560612515, 29.339313507080078, 0.047066103916835765
125, 77, 437, 4.2290388446732505, 29.14043426513672, 0.0594673670264385
170, 77, 437, 4.386297300695085, 28.66164779663086, 0.0839561886686642
215, 77, 437, 4.258630161569718, 28.790077209472656, 0.08711077785306755
260, 77, 437, 4.362269961705788, 30.09054183959961, 0.052164453035429124
305, 77, 437, 4.295049992409783, 31.015262603759766, 0.011873269958627107
350, 77, 437, 4.406969432057349, 30.653865814208984, 0.012494628965642957
395, 77, 437, 4.492021443310964, 30.033279418945312, 0.005997957940823232
440, 77, 437, 3.7186036649164635, 29.682819366455078, 0.00392046810666083
80, 77, 617, 4.555143702162263, 29.43050765991211, 0.016229687567472725
125, 77, 617, 4.500351311011707, 28.947006225585938, 0.028062872691141282
170, 77, 617, 4.275522076946795, 28.977100372314453, 0.004386390254709124
215, 77, 617, 4.351990744789998, 29.503093719482422, 0.02051907222748327
260, 77, 617, 4.454546952862305, 29.63266944885254, 0.027672104073968064
305, 77, 617, 4.340108279118715, 29.820478439331055, 0.013476721212407524
350, 77, 617, 4.409042299930426, 29.782115936279297, 0.006934817744420845
395, 77, 617, 4.3510405661377, 29.590675354003906, 0.005599913432174447
440, 77, 617, 3.7392990177466943, 29.6685848236084, 0.0016486008254659552
80, 77, 797, 4.208543940105101, 29.229740142822266, 0.019393400625114337
125, 77, 797, 4.283934588439143, 29.15135955810547, 0.01664268575962105
170, 77, 797, 4.487093035484368, 29.161151885986328, 0.017231555091372554
215, 77, 797, 4.439845035829241, 29.154863357543945, 0.007617040057037257
260, 77, 797, 4.478707754912447, 29.382545471191406, 0.02370816881684958
305, 77, 797, 4.429297389622911, 29.030359268188477, 0.021734516361908186
350, 77, 797, 4.269356674560122, 28.678180694580078, 0.024662562601567316
395, 77, 797, 4.404729919234316, 28.47433090209961, 0.0007600340268727753
440, 77, 797, 3.755166567960691, 28.363479614257812, 0.005242125901275622
80, 77, 977, 4.230447227078695, 28.422618865966797, 0.008810854234262125
125, 77, 977, 4.3823652989875255, 28.42399787902832, 0.04945499104694199
170, 77, 977, 4.366641782511559, 28.27048683166504, 0.041178016367067076
215, 77, 977, 4.53916027234772, 28.620603561401367, 0.0276619750444405
260, 77, 977, 4.395407054474457, 28.966537475585938, 0.03409320258849662
305, 77, 977, 4.153648974946894, 28.29601287841797, 0.1126780904344784
350, 77, 977, 4.127803161220148, 27.823795318603516, 0.08154155961915557
395, 77, 977, 4.352494803514023, 27.75792694091797, -0.001781518343385155
440, 77, 977, 3.731059233366506, 27.77446937561035, 0.017233481816274515
80, 77, 1157, 4.331650658991829, 27.98712921142578, 0.016338610174633963
125, 77, 1157, 4.370747829696379, 28.048019409179688, 0.02496065921294402
170, 77, 1157, 4.331960222593524, 27.623455047607422, 0.05074922993687974
215, 77, 1157, 4.376700677906831, 27.025930404663086, 0.07382420406923955
260, 77, 1157, 4.271677546074438, 26.409793853759766, 0.02478982957999856
305, 77, 1157, 4.225285002427658, 26.06536865234375, 0.04370824215533685
350, 77, 1157, 4.475272229534118, 26.016983032226562, 0.0490313502136954
395, 77, 1157, 4.4555694561217445, 26.04065704345703, 0.008954068286415593
440, 77, 1157, 3.7038573824298355, 26.132781982421875, 0.018299344267579204
80, 77, 1337, 4.407060418085412, 27.686355590820312, 0.05070580418985079
125, 77, 1337, 4.323877871596981, 28.354209899902344, 0.04161923973587906
170, 77, 1337, 4.484050920422374, 28.379322052001953, 0.04431642411161202
215, 77, 1337, 4.339506846282178, 28.19339370727539, 0.034049745776042604
260, 77, 1337, 4.385397245532487, 28.138282775878906, 0.013867830209284079
305, 77, 1337, 4.253283238993591, 27.81598663330078, 0.027855367353539502
350, 77, 1337, 4.259904234687926, 27.36414337158203, 0.03147173063920612
395, 77, 1337, 4.383475240952356, 27.526317596435547, 0.005724191309209466
440, 77, 1337, 3.7070364498540886, 27.6456298828125, 0.015720823239107843
80, 77, 1517, 4.305732712480878, 26.904417037963867, 0.06550440636948829
125, 77, 1517, 4.564459309115619, 26.391475677490234, 0.04904577180376903
170, 77, 1517, 4.496287046039225, 26.781919479370117, 0.016138120617322293
215, 77, 1517, 4.53149050278882, 27.397483825683594, 0.03881576930910696
260, 77, 1517, 4.287723520594904, 27.897823333740234, 0.023110898916115515
305, 77, 1517, 4.425289074307751, 27.742311477661133, 0.019442580367730514
350, 77, 1517, 4.459604872506579, 27.78900909423828, 0.01462358052201493
395, 77, 1517, 4.440460902080055, 27.801189422607422, -0.0030887933048546275
440, 77, 1517, 3.7539642012387717, 27.985454559326172, -0.00881859023142882
80, 77, 1697, 4.169139606547394, 28.420804977416992, 0.11857774706214406
125, 77, 1697, 4.479900005963368, 28.189088821411133, 0.10711974157453945
170, 77, 1697, 4.5087157074960205, 28.13597869873047, 0.07205319861304818
215, 77, 1697, 4.485562037842538, 28.901777267456055, 0.019713647626832264
260, 77, 1697, 4.404777907362157, 29.43543243408203, 0.06156486616637515
305, 77, 1697, 4.3919205292340795, 29.862815856933594, 0.03390353862810873
350, 77, 1697, 4.398531878523387, 29.980573654174805, 0.0025777060152062563
395, 77, 1697, 4.3714524699899995, 29.824527740478516, 0.008668491845375225
440, 77, 1697, 3.703001404186291, 29.708065032958984, -0.00012100310230615646
80, 77, 1877, 4.381748194629631, 26.71466064453125, 0.02268091798159647
125, 77, 1877, 4.495333702859946, 26.295440673828125, 0.03266650825660244
170, 77, 1877, 4.479245559255919, 25.831525802612305, 0.03863708982255318
215, 77, 1877, 4.414292355244552, 25.722265243530273, 0.017407269562930518
260, 77, 1877, 4.384529730353741, 25.833404541015625, 0.037763728844056745
305, 77, 1877, 4.231118507563441, 25.89474105834961, 0.04550043442093327
350, 77, 1877, 4.221251309931668, 25.940013885498047, 0.01488317061129153
395, 77, 1877, 4.371758179976498, 26.152223587036133, 0.0016930002386411024
440, 77, 1877, 3.749687701622577, 26.29926300048828, -0.01118412033271766
80, 257, 77, 4.543743762815998, 24.948192596435547, -0.0161698033897994
125, 257, 77, 4.493797845542084, 24.62042808532715, -0.0009253082604212993
170, 257, 77, 4.5318877175658185, 24.33043670654297, 0.016700721531263864
215, 257, 77, 4.4793092606162945, 24.216230392456055, 0.05677254939001555
260, 257, 77, 4.4351880949666205, 24.33230972290039, 0.037390149977982116
305, 257, 77, 4.574030966433125, 24.715713500976562, 0.024228726817815346
350, 257, 77, 4.1237971798750666, 24.878793716430664, 0.04864902784817223
395, 257, 77, 4.495481318364031, 25.576622009277344, -0.003461135541744644
440, 257, 77, 3.63163594618027, 25.945438385009766, -0.0036627265838061903
80, 257, 257, 4.286831448972796, 30.15991973876953, 0.017363584524413653
125, 257, 257, 4.145661970605335, 30.092248916625977, 0.03698589297211616
170, 257, 257, 4.254593904845652, 29.816993713378906, 0.0075008492973204065
215, 257, 257, 4.265431909381066, 29.888134002685547, 0.00502979218412456
260, 257, 257, 4.3308569935863455, 30.350021362304688, 0.013962355675417638
305, 257, 257, 4.401766190973988, 30.227638244628906, 0.02779785477416008
350, 257, 257, 4.260123169472352, 29.522335052490234, 0.018853062637316807
395, 257, 257, 4.388625358969849, 29.210865020751953, 0.0027547889436735566
440, 257, 257, 3.7309221676916904, 29.10763931274414, -0.007508389934878207
80, 257, 437, 4.19485641870166, 29.259422302246094, 0.019996698796895862
125, 257, 437, 4.395067668139677, 28.61498260498047, 0.016245070349085507
170, 257, 437, 4.437915171791091, 27.995302200317383, 0.021370753985334917
215, 257, 437, 4.49577878111835, 27.563743591308594, 0.0443214411520269
260, 257, 437, 4.220726863206331, 28.39728546142578, 0.07592513112475094
305, 257, 437, 4.231302496383766, 29.20969009399414, 0.06790894772880778
350, 257, 437, 4.5224967679975245, 29.201061248779297, 0.010877587733504066
395, 257, 437, 4.427619375752894, 28.83941650390625, 0.002312096118802437
440, 257, 437, 3.687513986480547, 28.8142032623291, 0.0035131491167893964
80, 257, 617, 4.353897854086451, 29.847217559814453, 0.12481926694917789
125, 257, 617, 4.162404051714688, 30.441730499267578, 0.09928863896657929
170, 257, 617, 4.310220334352356, 30.930551528930664, 0.05638596670718688
215, 257, 617, 4.217449313519895, 30.662378311157227, 0.028816551485628273
260, 257, 617, 4.3255871166159094, 30.415607452392578, 0.01985815831094384
305, 257, 617, 4.2466532618848065, 30.068397521972656, 0.020490926679915703
350, 257, 617, 4.324920314094548, 30.245655059814453, 0.03467519681067219
395, 257, 617, 4.404370747364143, 29.75243377685547, -0.002379682289195736
440, 257, 617, 3.6656956839233774, 29.51419448852539, -0.0007856013262940261
80, 257, 797, 4.302280346015337, 28.389690399169922, 0.011907388734992546
125, 257, 797, 4.463756802188629, 28.161216735839844, 0.011782501341592474
170, 257, 797, 4.165684200363937, 28.211345672607422, 0.06841619999016192
215, 257, 797, 4.394501803810952, 27.72641372680664, 0.04270673228897234
260, 257, 797, 4.266520031498181, 26.865455627441406, 0.03836237210127636
305, 257, 797, 4.280425251443734, 26.445941925048828, 0.03378119570531699
350, 257, 797, 4.3076745545682815, 26.552288055419922, 0.0397083043774711
395, 257, 797, 4.499889711316739, 27.043468475341797, 0.006427634289211477
440, 257, 797, 3.7191060932480777, 27.20208740234375, 0.008499404674630262
80, 257, 977, 4.531823743276197, 28.399051666259766, 0.015720552372448925
125, 257, 977, 4.474070175130446, 28.65060043334961, 0.014969941146517686
170, 257, 977, 4.490321231004831, 28.869876861572266, 0.01484973974843488
215, 257, 977, 4.5675274211394585, 28.690677642822266, 0.08081425917702781
260, 257, 977, 4.265766036019367, 29.200271606445312, 0.06763196537262
305, 257, 977, 4.453250585466083, 29.936182022094727, 0.01944763006818004
350, 257, 977, 4.2608207409218, 29.404985427856445, 0.06576795538885513
395, 257, 977, 4.383417788787875, 28.55108642578125, 0.007808742614216068
440, 257, 977, 3.7796688462764254, 28.24623680114746, -0.007557794565305897
80, 257, 1157, 4.293482530566733, 25.040035247802734, 0.12907292849443347
125, 257, 1157, 4.370950035353533, 25.714824676513672, 0.13157035057562053
170, 257, 1157, 4.585160343577095, 26.021217346191406, 0.02934764776232959
215, 257, 1157, 4.393521092598243, 25.360084533691406, 0.12620333710355347
260, 257, 1157, 4.538082034555702, 25.996910095214844, 0.18550598710599098
305, 257, 1157, 4.344789289317278, 26.804706573486328, 0.030166842608039496
350, 257, 1157, 4.194696033173973, 26.35784912109375, 0.032894307721863504
395, 257, 1157, 4.228949083990665, 26.793989181518555, 0.006945978134817621
440, 257, 1157, 3.6938034167152387, 27.101778030395508, 0.0046467284233155815
80, 257, 1337, 4.3449305603829105, 27.18831443786621, 0.03458157821204396
125, 257, 1337, 4.253782522034051, 27.599802017211914, 0.02606836266946034
170, 257, 1337, 4.396626268165762, 27.480873107910156, 0.027220009490524073
215, 257, 1337, 4.336907753427661, 27.552526473999023, 0.023334458405909753
260, 257, 1337, 4.458593231484873, 28.2960205078125, 0.010968472853076127
305, 257, 1337, 4.445136889035337, 27.83587646484375, 0.009660860216540524
350, 257, 1337, 4.3803357502927796, 27.91782569885254, 0.02443250900132171
395, 257, 1337, 4.459953299008085, 27.99714469909668, 0.0003596379209273164
440, 257, 1337, 3.745593312107987, 27.98274040222168, 0.010021742903277144
80, 257, 1517, 4.389898876612289, 29.295352935791016, 0.01765551266896228
125, 257, 1517, 4.451201734070009, 29.357376098632812, 0.02184987666323613
170, 257, 1517, 4.320482246951629, 29.39461898803711, 0.0076086229943657544
215, 257, 1517, 4.292124016421552, 29.133028030395508, 0.005102518182965886
260, 257, 1517, 4.149653702150056, 28.877403259277344, 0.03483939487412067
305, 257, 1517, 4.359818266105836, 28.464895248413086, 0.02371577525212383
350, 257, 1517, 4.446726919675911, 27.939207077026367, 0.02094005858639218
395, 257, 1517, 4.364540459033971, 28.165868759155273, -0.002144352378143435
440, 257, 1517, 3.725068023365713, 28.213279724121094, 0.016084879691553467
80, 257, 1697, 4.20440068744185, 30.016963958740234, 0.01453166142526175
125, 257, 1697, 4.3557381178659496, 29.83245086669922, 0.021766311720024887
170, 257, 1697, 4.317629305482816, 29.718364715576172, 0.0028865889680786535
215, 257, 1697, 4.22416437031764, 29.99471664428711, 0.042325534398473
260, 257, 1697, 4.292288979639415, 29.500492095947266, 0.08148723338672799
305, 257, 1697, 4.5241272523557985, 29.75225067138672, 0.01786313521109586
350, 257, 1697, 4.319400810579733, 29.764719009399414, 0.03238848755482948
395, 257, 1697, 4.232566343296244, 29.744773864746094, 0.005057733795887158
440, 257, 1697, 3.751094609226562, 29.704811096191406, -0.01184546472199469
80, 257, 1877, 4.546174776380329, 25.254831314086914, 0.03776763736178094
125, 257, 1877, 4.326706039172937, 24.861675262451172, 0.047109874199736015
170, 257, 1877, 4.397974636517054, 24.946176528930664, 0.03658332888352426
215, 257, 1877, 4.31818464565584, 24.68246078491211, 0.05923536118205996
260, 257, 1877, 4.22179877418027, 24.874691009521484, 0.07785918577494992
305, 257, 1877, 4.505336449027034, 25.49193000793457, 0.046542160183792085
350, 257, 1877, 4.59250373368896, 26.192462921142578, 0.03340078573381646
395, 257, 1877, 4.43931197592918, 26.35826873779297, 0.002731009330468419
440, 257, 1877, 3.7501632453722347, 26.362804412841797, -0.010368814494675143
80, 437, 77, 4.305036792891328, 25.358591079711914, 0.016612967753555277
125, 437, 77, 4.350534536932977, 25.174564361572266, 0.047161579640225035
170, 437, 77, 4.44153368093588, 25.277740478515625, 0.03280782365496612
215, 437, 77, 4.541822530428092, 25.661579132080078, 0.0275124049140725
260, 437, 77, 4.5781547940141865, 25.708683013916016, 0.010202454993466607
305, 437, 77, 4.490716562260728, 25.516765594482422, 0.005735208493849247
350, 437, 77, 4.461840951089314, 25.76397705078125, 0.014127778030876422
395, 437, 77, 4.444357588165533, 26.04920196533203, -0.0033287641396202777
440, 437, 77, 3.719588273605769, 26.289104461669922, 0.00616503346082256
80, 437, 257, 4.535098369653114, 25.810306549072266, 0.019600609364178068
125, 437, 257, 4.489745809811902, 25.34400177001953, 0.021714962784273626
170, 437, 257, 4.474225446900232, 25.080013275146484, 0.04700142055987836
215, 437, 257, 4.320808541705655, 25.15804100036621, 0.04483372846448733
260, 437, 257, 4.331795536932141, 25.874814987182617, 0.041512833537049904
305, 437, 257, 4.366804669287569, 26.251842498779297, 0.01573937056707461
350, 437, 257, 4.588846773675004, 25.943626403808594, 0.023677779326936738
395, 437, 257, 4.459425982343881, 26.297225952148438, 0.01012618439783309
440, 437, 257, 3.7364412677728462, 26.55385398864746, 0.0017695071297184723
80, 437, 437, 4.251878339841332, 26.183712005615234, 0.018622044280391846
125, 437, 437, 4.505802159889829, 26.387714385986328, 0.06283423825541429
170, 437, 437, 4.574930395285247, 26.386810302734375, 0.020467092155580385
215, 437, 437, 4.403623041670975, 26.364830017089844, 0.007702122316666456
260, 437, 437, 4.550568580745763, 26.210166931152344, 0.032370681275192596
305, 437, 437, 4.207704989743138, 26.6324462890625, 0.07261856543861958
350, 437, 437, 4.52633376702416, 26.786596298217773, 0.047256973543268965
395, 437, 437, 4.551508899780239, 26.78282928466797, -0.0001300096404033316
440, 437, 437, 3.668278402824244, 26.95456314086914, -0.005881411469501998
80, 437, 617, 4.3203978941389645, 29.033763885498047, 0.026907309907490132
125, 437, 617, 4.521903749874251, 28.742259979248047, 0.048537560541295904
170, 437, 617, 4.318203542048069, 28.47054672241211, 0.043995789054244824
215, 437, 617, 4.175006790676345, 29.134307861328125, 0.03576284075627
260, 437, 617, 4.272563665828713, 29.501075744628906, 0.04330639629167953
305, 437, 617, 4.334317804440023, 29.26703643798828, 0.039970999069481844
350, 437, 617, 4.4498828544634055, 28.59775161743164, 0.028223974235813847
395, 437, 617, 4.4892611446171955, 28.586471557617188, 0.0011190978938737865
440, 437, 617, 3.7111754000428996, 28.614639282226562, -0.002461681443690423
80, 437, 797, 4.359025645992273, 26.357181549072266, 0.10663085636455423
125, 437, 797, 4.484325564658578, 26.632076263427734, 0.12051958590253416
170, 437, 797, 4.448829500764573, 27.333139419555664, 0.08087348185101209
215, 437, 797, 4.386603260608369, 27.480472564697266, 0.09198144912792157
260, 437, 797, 4.353360893917012, 27.83234405517578, 0.04441545486974393
305, 437, 797, 4.491984656262475, 28.197914123535156, 0.028401675838260046
350, 437, 797, 4.239893896305484, 28.131195068359375, 0.022350391393844666
395, 437, 797, 4.420050839321632, 28.175846099853516, 0.0007691238987280967
440, 437, 797, 3.7603236185486777, 28.011714935302734, -0.0058261570124638045
80, 437, 977, 4.4160622282575215, 28.530624389648438, 0.0381684279594532
125, 437, 977, 4.206306671067608, 27.767139434814453, 0.056289743012696694
170, 437, 977, 4.512436481293489, 27.967979431152344, 0.027871567399872677
215, 437, 977, 4.397027492784691, 28.412193298339844, 0.08152609808119632
260, 437, 977, 4.2989264504458, 27.953487396240234, 0.07789837428447678
305, 437, 977, 4.431917920968257, 27.22188949584961, 0.037778099274108745
350, 437, 977, 4.379981241121527, 26.937007904052734, 0.05966713360985458
395, 437, 977, 4.460367870707754, 27.559303283691406, -0.0026528469992912087
440, 437, 977, 3.7388757619914523, 27.705568313598633, -0.008057542479209647
80, 437, 1157, 4.413359332134136, 30.221282958984375, 0.015900243783029535
125, 437, 1157, 4.320502219749732, 29.35236930847168, 0.01943344419456835
170, 437, 1157, 4.301699635636353, 28.2716064453125, 0.035202452855485046
215, 437, 1157, 4.36802027671341, 27.13196563720703, 0.05319916027745206
260, 437, 1157, 4.078808168848396, 26.47894287109375, 0.1380495736645997
305, 437, 1157, 4.461818474768619, 26.675424575805664, 0.08129933136573038
350, 437, 1157, 4.507606727059343, 27.264598846435547, 0.04088051252962306
395, 437, 1157, 4.364328628737122, 27.915672302246094, 0.000873911535968479
440, 437, 1157, 3.751220507170586, 28.119983673095703, 0.006246728053923279
80, 437, 1337, 4.240640857232044, 27.540504455566406, 0.04966709031601175
125, 437, 1337, 4.044005087254718, 26.586606979370117, 0.10746000129506345
170, 437, 1337, 4.530750636027959, 26.585098266601562, 0.11357225314343634
215, 437, 1337, 4.332430810256111, 27.124666213989258, 0.03415684018247014
260, 437, 1337, 4.497984837817653, 28.13665008544922, 0.006215587076109894
305, 437, 1337, 4.5505657565159146, 27.946941375732422, 0.04163287354324313
350, 437, 1337, 4.525503375004716, 27.833927154541016, 0.06280934117900298
395, 437, 1337, 4.340812733648397, 28.499755859375, 0.005880684805022543
440, 437, 1337, 3.652184951931842, 28.619873046875, 0.005703694375853313
80, 437, 1517, 4.37516019012613, 30.421077728271484, 0.039183178004772154
125, 437, 1517, 4.209772668306416, 30.140365600585938, 0.020613838284388217
170, 437, 1517, 4.320982535848181, 29.206016540527344, 0.04742181988907852
215, 437, 1517, 4.259366687403456, 28.53662109375, 0.04749765255600664
260, 437, 1517, 4.484904407806987, 28.10223388671875, 0.07458952873591683
305, 437, 1517, 4.170573317390471, 27.883161544799805, 0.05883557766174849
350, 437, 1517, 4.160635930387524, 28.254589080810547, 0.0437417710457463
395, 437, 1517, 4.548002242876145, 28.72783660888672, 0.004493873383118191
440, 437, 1517, 3.6968259042795872, 28.933156967163086, 0.004381930651611465
80, 437, 1697, 4.3997521289844235, 31.432796478271484, 0.014682294605708666
125, 437, 1697, 4.31782516929893, 31.376033782958984, 0.02231812786691857
170, 437, 1697, 4.341931659798757, 30.88733673095703, 0.023010255818765493
215, 437, 1697, 4.31951252549354, 30.389211654663086, 0.021095544564146286
260, 437, 1697, 4.500545260823829, 30.416305541992188, 0.03617951950613097
305, 437, 1697, 4.321122244715985, 30.89876937866211, 0.050450017554605514
350, 437, 1697, 4.411194755000615, 30.664859771728516, 0.03280671063462948
395, 437, 1697, 4.472346518040497, 30.064037322998047, -0.00043361065834385715
440, 437, 1697, 3.7448812566820084, 29.819555282592773, 0.0011196741510489802
80, 437, 1877, 4.474292616952159, 27.64972686767578, 0.07785631828558931
125, 437, 1877, 4.410527744937401, 27.2069034576416, 0.062326040254294265
170, 437, 1877, 4.296002731986761, 27.36495018005371, 0.0403587888941808
215, 437, 1877, 4.355856227789933, 27.621252059936523, 0.04573741613214622
260, 437, 1877, 4.395824320933269, 27.369224548339844, 0.06098113565269168
305, 437, 1877, 4.371881880104543, 27.36870765686035, 0.04220494657659507
350, 437, 1877, 4.338162258659471, 27.369611740112305, 0.021923835257436516
395, 437, 1877, 4.39975234723946, 27.37381362915039, 0.00869201828740424
440, 437, 1877, 3.6840055431391274, 27.417877197265625, 0.004571780287809506
80, 617, 77, 4.352499666248134, 29.33328628540039, 0.01208933049578717
125, 617, 77, 4.3663507853577945, 29.499794006347656, 0.024031164624249736
170, 617, 77, 4.227853387456467, 28.435405731201172, 0.03268507621454938
215, 617, 77, 4.527307055748954, 28.143692016601562, 0.022531631060948028
260, 617, 77, 4.568188105662297, 28.390544891357422, 0.021827631727952785
305, 617, 77, 4.254935754830522, 28.835384368896484, 0.030463516105903598
350, 617, 77, 4.175704953824221, 28.93396759033203, 0.034293394634750056
395, 617, 77, 4.348815454853691, 28.5804443359375, 0.005428588088610115
440, 617, 77, 3.736196252794489, 28.243640899658203, 0.0008684260704222271
80, 617, 257, 4.3490747943483505, 26.83100700378418, 0.02703789811495462
125, 617, 257, 4.552678443447102, 26.866683959960938, 0.01449438964189847
170, 617, 257, 4.499995803739675, 26.419836044311523, 0.03794946969239201
215, 617, 257, 4.582251169059191, 26.369380950927734, 0.05459269537607304
260, 617, 257, 4.280468890990474, 26.55443572998047, 0.0420402790380935
305, 617, 257, 4.513617620228212, 26.504690170288086, 0.049945455477444334
350, 617, 257, 4.332578578335715, 26.734458923339844, 0.0422111530242672
395, 617, 257, 4.321229493191978, 27.103878021240234, 0.0073749603357635704
440, 617, 257, 3.679629780856988, 27.223785400390625, 0.0016684471901590153
80, 617, 437, 4.383967400240531, 27.225048065185547, 0.058202575741355185
125, 617, 437, 4.387349475489769, 27.18053436279297, 0.04531174215312818
170, 617, 437, 4.382343376338065, 26.699613571166992, 0.0542220621250012
215, 617, 437, 4.414691570343439, 26.511402130126953, 0.09308014414362382
260, 617, 437, 4.2732406671072, 26.489910125732422, 0.12227205459155334
305, 617, 437, 4.409224507558463, 27.38930320739746, 0.053584674569626914
350, 617, 437, 4.293943867766755, 28.413820266723633, 0.019720035722081777
395, 617, 437, 4.306030931587705, 28.460458755493164, 0.0008542080461763913
440, 617, 437, 3.7092882934490667, 28.272994995117188, 0.008289160787027633
80, 617, 617, 4.169142903755259, 28.462860107421875, 0.03179444699625565
125, 617, 617, 4.237874101590593, 28.52750015258789, 0.040948390279182095
170, 617, 617, 4.280320411035264, 28.74966049194336, 0.03379853281258763
215, 617, 617, 4.413610735216417, 29.113134384155273, 0.014138846050747549
260, 617, 617, 4.49874752067849, 29.652393341064453, 0.005191094243866068
305, 617, 617, 4.403655577460677, 29.175554275512695, 0.015050391853389359
350, 617, 617, 4.31839078324196, 29.198036193847656, 0.02395633582734813
395, 617, 617, 4.403155830057507, 29.0458984375, -0.00509706789867796
440, 617, 617, 3.7042069207800865, 28.917144775390625, -0.0029324737773984877
80, 617, 797, 4.139249714368048, 27.73451805114746, 0.05658889357538608
125, 617, 797, 4.52383697919347, 28.466827392578125, 0.057864477342809
170, 617, 797, 4.351421567193638, 29.179595947265625, 0.05637875547951261
215, 617, 797, 4.362618821660684, 29.40467071533203, 0.015232353125845017
260, 617, 797, 4.465943526727953, 28.985532760620117, 0.0490176794070788
305, 617, 797, 4.391331850832174, 28.236572265625, 0.04682647085505701
350, 617, 797, 4.445050285848999, 28.028865814208984, 0.02882480015906646
395, 617, 797, 4.500042970224794, 28.150484085083008, -0.0018204883304390868
440, 617, 797, 3.710841748986844, 28.196006774902344, 0.007953551051089752
80, 617, 977, 4.255707174929983, 29.46009063720703, 0.021337977239846814
125, 617, 977, 4.4919958522943375, 29.352785110473633, 0.02280194919424305
170, 617, 977, 4.503514992813963, 29.642898559570312, 0.0031470914087829067
215, 617, 977, 4.444561790652309, 29.733631134033203, 0.005098432361469917
260, 617, 977, 4.2490429791829065, 30.057615280151367, 0.025910046347502172
305, 617, 977, 4.426639230841341, 30.492639541625977, 0.008764882932845835
350, 617, 977, 4.401947943010753, 29.716434478759766, 0.016844549700890284
395, 617, 977, 4.252405680238583, 28.955286026000977, 0.0009804028008454058
440, 617, 977, 3.7032948058602218, 28.54414939880371, 0.02164715917526633
80, 617, 1157, 4.3901392019484575, 30.399044036865234, 0.1305973050506353
125, 617, 1157, 4.191827613056288, 29.988147735595703, 0.05329059762966229
170, 617, 1157, 4.344872836155808, 28.96453857421875, 0.06619435895825958
215, 617, 1157, 4.435659108741072, 28.987499237060547, 0.05884627081000122
260, 617, 1157, 4.413189101132678, 29.603809356689453, 0.08902853948955655
305, 617, 1157, 4.410692745106287, 29.87146759033203, 0.07545121130627341
350, 617, 1157, 4.279453318182465, 29.64521026611328, 0.043700671821993914
395, 617, 1157, 4.245833516438714, 28.953479766845703, 0.007982246678433473
440, 617, 1157, 3.7409934351927085, 28.797874450683594, -0.01107743970224965
80, 617, 1337, 4.17985695253478, 27.114728927612305, 0.11869403652848841
125, 617, 1337, 4.230987701909579, 27.565317153930664, 0.11352583763920136
170, 617, 1337, 4.444201367110332, 28.367088317871094, 0.0661279656578476
215, 617, 1337, 4.427183735622659, 28.840892791748047, 0.07964225907964669
260, 617, 1337, 4.273807160551603, 27.67173194885254, 0.17501859630806257
305, 617, 1337, 4.165922717106629, 28.167720794677734, 0.06829337497839556
350, 617, 1337, 4.531288447227841, 27.943153381347656, 0.013128782957831143
395, 617, 1337, 4.5616867651317, 28.32768440246582, -0.0005514577680852934
440, 617, 1337, 3.8006038930051194, 28.370609283447266, 0.002490442864139591
80, 617, 1517, 4.1867872579095184, 28.528369903564453, 0.06672006211656141
125, 617, 1517, 4.57236127687615, 29.29261016845703, 0.05425063126950972
170, 617, 1517, 4.504962928900813, 28.71605682373047, 0.05488998337957343
215, 617, 1517, 4.433231557389326, 28.714853286743164, 0.015133622744023889
260, 617, 1517, 4.495624134201717, 28.893461227416992, 0.018698115669662077
305, 617, 1517, 4.4996965155680915, 29.443035125732422, 0.023945791635615592
350, 617, 1517, 4.455829159668241, 29.418729782104492, 0.024844961224353403
395, 617, 1517, 4.3464787826024125, 29.242042541503906, 0.0023961062572921336
440, 617, 1517, 3.830239694703178, 29.17119598388672, -0.0020963530690815213
80, 617, 1697, 4.56675227227702, 31.43573570251465, 0.013305768948221965
125, 617, 1697, 4.304800726469184, 31.610584259033203, 0.012244164213364057
170, 617, 1697, 4.486545159322641, 31.543275833129883, 0.008628948561375152
215, 617, 1697, 4.314602905610022, 31.244802474975586, 0.013419742085711646
260, 617, 1697, 4.31707009150415, 30.727087020874023, 0.01027701526625492
305, 617, 1697, 4.438480259041242, 30.306175231933594, 0.019762401922388366
350, 617, 1697, 4.426812611229467, 30.114892959594727, 0.01480816908046168
395, 617, 1697, 4.411048383886695, 29.733627319335938, -0.0016605493347275834
440, 617, 1697, 3.7170784438032163, 29.501018524169922, -0.014326197082898826
80, 617, 1877, 4.449055808497875, 27.794384002685547, 0.016107682810104655
125, 617, 1877, 4.099998522360006, 27.820598602294922, 0.0688496555398515
170, 617, 1877, 4.357480453973284, 27.755149841308594, 0.03508884774919785
215, 617, 1877, 4.479266759554092, 28.05964469909668, 0.006074090945172756
260, 617, 1877, 4.469993096261905, 27.91086196899414, 0.033366230214997225
305, 617, 1877, 4.370064614621253, 27.046939849853516, 0.0712046486295714
350, 617, 1877, 4.078459220740407, 26.778133392333984, 0.059759366695995894
395, 617, 1877, 4.340642890588397, 27.403400421142578, 0.002012204690104808
440, 617, 1877, 3.6792426645668708, 27.660593032836914, -0.010417628344933545
80, 797, 77, 4.316184459008579, 27.908525466918945, 0.018505481971328976
125, 797, 77, 4.465238480269198, 27.505416870117188, 0.04278998863184672
170, 797, 77, 4.381722530263591, 27.17382049560547, 0.040673659960601856
215, 797, 77, 4.179406519815731, 26.9423828125, 0.0433065344061035
260, 797, 77, 4.576734151976852, 27.18904685974121, 0.037808820145560654
305, 797, 77, 4.384160899050594, 27.179672241210938, 0.03612853062662004
350, 797, 77, 4.332414211128871, 26.690776824951172, 0.01180056065675712
395, 797, 77, 4.323465252373761, 26.739133834838867, 0.004330177107047541
440, 797, 77, 3.7077475069219794, 26.656173706054688, -0.005287601005822085
80, 797, 257, 4.486799829944301, 28.988203048706055, 0.017660516949006135
125, 797, 257, 4.397017502383045, 28.8101863861084, 0.035690011732259386
170, 797, 257, 4.451870843000155, 28.63179588317871, 0.02423885699926634
215, 797, 257, 4.313130633822949, 28.485206604003906, 0.060234993976658026
260, 797, 257, 4.516039734473521, 28.769479751586914, 0.021600895929376772
305, 797, 257, 4.2913603555610305, 28.39936065673828, 0.01912732998805256
350, 797, 257, 4.472657796735782, 28.712337493896484, 0.016382600376378093
395, 797, 257, 4.342930890348577, 28.20819091796875, 0.007207634311448555
440, 797, 257, 3.762074232306474, 28.104724884033203, -0.0066916684951631635
80, 797, 437, 4.44375251430266, 28.104843139648438, 0.01755358119330259
125, 797, 437, 4.299413139183337, 28.089662551879883, 0.06005166765475136
170, 797, 437, 4.226867519664574, 28.2235107421875, 0.08997816060523073
215, 797, 437, 4.460327928492785, 27.73076057434082, 0.051622758315005186
260, 797, 437, 4.539637148366235, 27.89931297302246, 0.05619968544927502
305, 797, 437, 4.342743201636137, 28.589889526367188, 0.0225554763499061
350, 797, 437, 4.247362329237321, 29.215774536132812, 0.00391829898407267
395, 797, 437, 4.334106588897922, 28.953882217407227, -0.0032024727449890826
440, 797, 437, 3.681475394341079, 28.838157653808594, 0.011708761619628555
80, 797, 617, 4.258630962473761, 27.55780792236328, 0.04773564581055579
125, 797, 617, 4.277651065451074, 27.964435577392578, 0.08536036911397978
170, 797, 617, 4.549894839116884, 27.55990982055664, 0.022798323853867777
215, 797, 617, 4.405355091783174, 27.302310943603516, 0.05594883773920768
260, 797, 617, 4.428468555749225, 27.19751739501953, 0.04122910662178894
305, 797, 617, 4.230778114338771, 26.54703140258789, 0.0898428476407305
350, 797, 617, 4.36320946204273, 26.837888717651367, 0.05356214608492616
395, 797, 617, 4.491779158046228, 27.424911499023438, -0.004956189137075976
440, 797, 617, 3.7095341699229154, 27.70491600036621, -0.0093623212300695
80, 797, 797, 4.3979319412423665, 27.582731246948242, 0.05377251203255058
125, 797, 797, 4.372342444555938, 27.62809181213379, 0.02830284244514795
170, 797, 797, 4.2431430909984424, 28.365280151367188, 0.003428730801876245
215, 797, 797, 4.374531583340956, 28.238323211669922, 0.035636981419626255
260, 797, 797, 4.144728978263452, 28.294355392456055, 0.0571890400460036
305, 797, 797, 4.46082793397597, 28.341264724731445, 0.06732679858242982
350, 797, 797, 4.339197090700857, 28.381023406982422, 0.09224244024570658
395, 797, 797, 4.522282262699904, 27.89931869506836, 0.0025288100352926198
440, 797, 797, 3.7810908970483244, 27.82925033569336, -0.009558701517597213
80, 797, 977, 4.308666234595384, 27.0751953125, 0.030713574755867553
125, 797, 977, 4.479490145378244, 26.28011131286621, 0.04756049215447451
170, 797, 977, 4.415728897961008, 26.1151065826416, 0.0327230437075782
215, 797, 977, 4.420631871828912, 26.478221893310547, 0.015704172335326044
260, 797, 977, 4.480598115102251, 26.299530029296875, 0.017685538115387735
305, 797, 977, 4.425017024386265, 26.089725494384766, 0.02375706497101384
350, 797, 977, 4.259204234048746, 26.012195587158203, 0.06046728696479845
395, 797, 977, 4.412331855561468, 26.06607437133789, 0.0033578112412408555
440, 797, 977, 3.7617981718989557, 26.190807342529297, 0.013575127143159223
80, 797, 1157, 4.5010638830168865, 29.964847564697266, 0.07722561130566716
125, 797, 1157, 4.250164921546088, 30.219877243041992, 0.07800581529625068
170, 797, 1157, 4.320781651953012, 29.88216209411621, 0.019615371613027517
215, 797, 1157, 4.244632231885113, 29.932575225830078, 0.024282531576548125
260, 797, 1157, 4.2592788672278346, 29.64234161376953, 0.027430015244085077
305, 797, 1157, 4.366806838708004, 29.887773513793945, 0.0978164361006859
350, 797, 1157, 4.3612367285397555, 29.876937866210938, 0.05380080807446209
395, 797, 1157, 4.295876192306896, 29.24755859375, 0.005615487183730304
440, 797, 1157, 3.702574049228521, 29.254709243774414, -0.01403578440488125
80, 797, 1337, 4.194235452316341, 29.365442276000977, 0.051062748093052945
125, 797, 1337, 4.237560877069888, 29.890592575073242, 0.018498881749794395
170, 797, 1337, 4.5048973734738205, 29.14187240600586, 0.02249693048594446
215, 797, 1337, 4.558125395795593, 28.619564056396484, 0.11914607209725897
260, 797, 1337, 4.447573845308801, 28.36798095703125, 0.09811081358289331
305, 797, 1337, 4.407967861546701, 28.112932205200195, 0.07334698984833866
350, 797, 1337, 4.401643275404163, 28.734336853027344, 0.010552670142927876
395, 797, 1337, 4.383136609535982, 29.25876808166504, -0.002779031272922429
440, 797, 1337, 3.732271788208983, 29.366676330566406, 0.003925736477827772
80, 797, 1517, 4.331538180706876, 29.860942840576172, 0.02543943855639739
125, 797, 1517, 4.483915765294888, 29.49492835998535, 0.06538439478846449
170, 797, 1517, 4.3616604329444515, 29.659217834472656, 0.01847082281357517
215, 797, 1517, 4.354669689866845, 29.947021484375, 0.01156764499703804
260, 797, 1517, 4.379641302396818, 30.089691162109375, 0.024595231165641086
305, 797, 1517, 4.493096020709013, 29.659414291381836, 0.02233572970784081
350, 797, 1517, 4.3083314595378885, 28.858806610107422, 0.04510175529885013
395, 797, 1517, 4.582245000184827, 28.888784408569336, -0.008437330195581077
440, 797, 1517, 3.7646317033104357, 28.87466049194336, -0.01243164447758014
80, 797, 1697, 4.366566720578689, 28.747257232666016, 0.01703745202276274
125, 797, 1697, 4.442343410072601, 28.520505905151367, 0.023389734921844024
170, 797, 1697, 4.4958012491796095, 28.33053207397461, 0.027085016035141764
215, 797, 1697, 4.435449150709501, 27.56914710998535, 0.032615411794631795
260, 797, 1697, 4.403170500588763, 27.169845581054688, 0.0595401856153145
305, 797, 1697, 4.436125765236662, 27.033071517944336, 0.08857494153378596
350, 797, 1697, 4.420263066779276, 27.633991241455078, 0.015218569339289435
395, 797, 1697, 4.389925537404371, 27.787307739257812, 0.00360140672240667
440, 797, 1697, 3.718700057445985, 27.852859497070312, 0.0009602780948195688
80, 797, 1877, 4.234892018890489, 26.582141876220703, 0.02739833456046124
125, 797, 1877, 4.367432755113018, 26.379352569580078, 0.031993676939760206
170, 797, 1877, 4.406290263194265, 26.658058166503906, 0.02031499719762195
215, 797, 1877, 4.510615635982882, 26.784473419189453, 0.02001052168050659
260, 797, 1877, 4.462560707717112, 26.939842224121094, 0.011497855239757389
305, 797, 1877, 4.251930369577193, 27.1192626953125, 0.01164452010789766
350, 797, 1877, 4.324932242036651, 27.4824161529541, 0.013918969507294493
395, 797, 1877, 4.2261086522423215, 27.799402236938477, -0.001799886510273539
440, 797, 1877, 3.755185244349887, 27.88058853149414, -0.008391618241344392
80, 977, 77, 4.382788847976043, 27.12114715576172, 0.018201549744159575
125, 977, 77, 4.304043469514263, 27.11684226989746, 0.02200815938503252
170, 977, 77, 4.259550594712171, 26.86799430847168, 0.04667860228888078
215, 977, 77, 4.353808032440481, 27.156879425048828, 0.04375753863899747
260, 977, 77, 4.27237834433657, 27.702556610107422, 0.021856944442249903
305, 977, 77, 4.374989468714913, 27.63515853881836, 0.01130537801968556
350, 977, 77, 4.47158312867413, 27.290225982666016, 0.013286240512569396
395, 977, 77, 4.406609393756917, 27.04031753540039, -0.008809945941135315
440, 977, 77, 3.7950177912861083, 26.87054443359375, -0.0009108582205381249
80, 977, 257, 4.4851753957675164, 27.606380462646484, 0.08476823740617549
125, 977, 257, 4.22432397285411, 27.73658561706543, 0.05726391235755436
170, 977, 257, 4.269594222044923, 27.30327606201172, 0.035409276923886575
215, 977, 257, 4.415935551056979, 27.7528133392334, 0.02410717659052234
260, 977, 257, 4.207414230430191, 27.812620162963867, 0.043726074373956175
305, 977, 257, 4.482234679954658, 27.510629653930664, 0.0874252344519645
350, 977, 257, 4.509426421753376, 27.360126495361328, 0.03206213379008788
395, 977, 257, 4.513470700718131, 27.96258544921875, -0.0037053086708948944
440, 977, 257, 3.789104020482548, 28.09127426147461, -0.007671850187952621
80, 977, 437, 4.240403614381375, 29.268747329711914, 0.018780591510288817
125, 977, 437, 4.451975428046784, 28.953311920166016, 0.058897866438900916
170, 977, 437, 4.158697515477318, 29.279830932617188, 0.11873253338260913
215, 977, 437, 4.372077561296246, 28.680068969726562, 0.07856797918498663
260, 977, 437, 4.486618353728555, 27.89767074584961, 0.06722167183923275
305, 977, 437, 4.4709121955343285, 27.27915382385254, 0.03708554659378127
350, 977, 437, 4.350451742903715, 27.78729248046875, 0.17141732042094537
395, 977, 437, 4.328959357974967, 28.142498016357422, 0.0007117177696666524
440, 977, 437, 3.6759103780519204, 28.163345336914062, -0.0204878684960058
80, 977, 617, 4.367364896163741, 28.476062774658203, 0.02223350370274886
125, 977, 617, 4.3901250361966095, 28.358322143554688, 0.03417513651964624
170, 977, 617, 4.481491397514587, 28.538785934448242, 0.029609976093949972
215, 977, 617, 4.444172904979156, 28.695999145507812, 0.03282294884372961
260, 977, 617, 4.276450228655957, 28.172771453857422, 0.09175995450933816
305, 977, 617, 4.04266891741489, 27.587966918945312, 0.14611140900958114
350, 977, 617, 4.258546208599482, 27.641326904296875, 0.08770317540167169
395, 977, 617, 4.50938888745304, 27.620723724365234, -0.0012019886794472014
440, 977, 617, 3.698028019594797, 27.60401153564453, -0.0005322142742160383
80, 977, 797, 4.308463332373951, 27.952987670898438, 0.012228214226754583
125, 977, 797, 4.239912855829148, 27.389888763427734, 0.03155988797775536
170, 977, 797, 4.436489689847066, 27.660099029541016, 0.01270728148414141
215, 977, 797, 4.5494658049105325, 27.558231353759766, 0.02608316731614812
260, 977, 797, 4.512910016500856, 27.818899154663086, 0.02214731001962552
305, 977, 797, 4.496669883405282, 28.08411407470703, 0.0120878509741346
350, 977, 797, 4.409637561237677, 28.13064193725586, 0.03222071615878351
395, 977, 797, 4.332646574115092, 28.059329986572266, 0.00789938426721233
440, 977, 797, 3.685575783842103, 28.001110076904297, -0.01925068724146006
80, 977, 977, 4.526654117245799, 29.690269470214844, 0.02495593859173117
125, 977, 977, 4.400312641152868, 30.333951950073242, 0.005505406330269691
170, 977, 977, 4.322083874543776, 31.003982543945312, 0.014376191211928468
215, 977, 977, 4.339242572405838, 31.287593841552734, 0.03057724346237335
260, 977, 977, 4.167471870519992, 31.15928840637207, 0.02852183915980849
305, 977, 977, 4.290559191256331, 30.49456024169922, 0.04939105839871026
350, 977, 977, 4.312340435663269, 29.323497772216797, 0.06568347296913572
395, 977, 977, 4.433271326946497, 28.36312484741211, 0.000213442718899658
440, 977, 977, 3.736518240095715, 28.000553131103516, -0.02183972731209939
80, 977, 1157, 4.326748310982884, 31.260841369628906, 0.03851988694321253
125, 977, 1157, 4.38751666583031, 32.05760955810547, 0.018914307584024587
170, 977, 1157, 4.431347614842334, 32.10246658325195, 0.012976990703347577
215, 977, 1157, 4.378666472885805, 31.925277709960938, 0.006690524238845661
260, 977, 1157, 4.510144820270442, 32.162071228027344, 0.009123130974354287
305, 977, 1157, 4.357865110201656, 32.14188003540039, 0.010855435618361204
350, 977, 1157, 4.523483360677821, 31.74139976501465, -0.0016393256866423414
395, 977, 1157, 4.401017583868481, 31.523849487304688, 0.001875805305090987
440, 977, 1157, 3.7465279629257524, 31.451610565185547, -0.009559603062272947
80, 977, 1337, 4.499893591325208, 30.67688751220703, 0.03715543207192515
125, 977, 1337, 4.353583065908111, 30.985347747802734, 0.03245735846801281
170, 977, 1337, 4.276000331513847, 31.561527252197266, 0.040119334172666325
215, 977, 1337, 4.328309484864059, 31.542598724365234, 0.014007393193934882
260, 977, 1337, 4.499276756376871, 30.962059020996094, 0.011704653976542826
305, 977, 1337, 4.28539153626883, 30.657867431640625, 0.03433784314617259
350, 977, 1337, 4.557035679291937, 30.403587341308594, 0.0064294179798588475
395, 977, 1337, 4.475896684703531, 30.19146156311035, -0.004486128906170929
440, 977, 1337, 3.7213124166580624, 30.0767765045166, -0.0168737674123815
80, 977, 1517, 3.980788048527417, 27.83512306213379, 0.09228815794519685
125, 977, 1517, 4.270005950026473, 27.49912452697754, 0.06890055770960463
170, 977, 1517, 4.583038626225105, 27.91025161743164, 0.08085427592530794
215, 977, 1517, 4.558564560382304, 27.961854934692383, 0.0740144202709466
260, 977, 1517, 4.518960674502959, 27.843082427978516, 0.0588984238144413
305, 977, 1517, 4.005433399198777, 27.405139923095703, 0.1031483174235236
350, 977, 1517, 4.213771824585297, 27.97026824951172, 0.022459801643784277
395, 977, 1517, 4.558878910790936, 28.31391143798828, -0.005268964668001741
440, 977, 1517, 3.679842436188759, 28.522098541259766, -0.0028350846721074776
80, 977, 1697, 4.520459709184471, 27.821369171142578, 0.0870863241501754
125, 977, 1697, 4.325007648824776, 28.30431365966797, 0.09038220497169154
170, 977, 1697, 4.468969539657414, 28.325244903564453, 0.02824948415282576
215, 977, 1697, 4.3508679334507505, 27.766376495361328, 0.05547656822007863
260, 977, 1697, 4.532992459921061, 28.51491928100586, 0.02051177884158234
305, 977, 1697, 4.40436738595536, 28.054162979125977, 0.08143750720942383
350, 977, 1697, 4.402874699174606, 27.90625, 0.06971359958615338
395, 977, 1697, 4.4111017108296435, 27.638282775878906, 0.01146440802522241
440, 977, 1697, 3.7058033292176398, 27.71411895751953, -0.014635507825931399
80, 977, 1877, 4.5274038441110545, 26.924964904785156, 0.13751974073247003
125, 977, 1877, 4.530099829542523, 27.109500885009766, 0.08241065835768137
170, 977, 1877, 4.116270720984883, 27.54877471923828, 0.0382800042909646
215, 977, 1877, 4.375402523273463, 28.367111206054688, 0.015881702948383116
260, 977, 1877, 4.543349005396859, 28.593334197998047, 0.010442811549804077
305, 977, 1877, 4.335932498863375, 28.008708953857422, 0.08323379391568907
350, 977, 1877, 4.3154919352672945, 27.50421905517578, 0.06479984518825309
395, 977, 1877, 4.498752221523076, 27.480854034423828, -0.0055906866761225174
440, 977, 1877, 3.7031172104621706, 27.555015563964844, -0.004717094482920524
80, 1157, 77, 4.506628456991072, 27.235456466674805, 0.05452350712262604
125, 1157, 77, 4.423184773051203, 27.50924301147461, 0.05938068465052449
170, 1157, 77, 4.359710414174092, 27.093645095825195, 0.05472742367142191
215, 1157, 77, 4.287329290653728, 26.731922149658203, 0.06395771108747259
260, 1157, 77, 4.510165852118274, 26.382518768310547, 0.045699813339559275
305, 1157, 77, 4.467434262788507, 26.334774017333984, 0.07606648915529919
350, 1157, 77, 4.397969455707086, 26.694664001464844, 0.06509884054117623
395, 1157, 77, 4.4468463215492795, 26.936016082763672, 0.0010372186580226276
440, 1157, 77, 3.7357454772904704, 27.234506607055664, -0.005188886157450517
80, 1157, 257, 4.248121791893281, 29.43490219116211, 0.021215261679158156
125, 1157, 257, 4.448218436428121, 29.442501068115234, 0.02044133895195969
170, 1157, 257, 4.284285574773267, 29.49239730834961, 0.021317892827608972
215, 1157, 257, 4.224950412420735, 28.99982452392578, 0.029163989672385492
260, 1157, 257, 4.462895494628, 28.809932708740234, 0.016963209742304437
305, 1157, 257, 4.2527152224652305, 29.207351684570312, 0.030736432903090586
350, 1157, 257, 4.4144578777746455, 28.358901977539062, 0.05878547782865348
395, 1157, 257, 4.295879272613094, 28.029327392578125, 0.0026001258097853646
440, 1157, 257, 3.747280959026563, 28.103811264038086, 0.0005974462199165397
80, 1157, 437, 4.4068281699095895, 28.422931671142578, 0.11194407725561566
125, 1157, 437, 4.312865051279424, 29.007055282592773, 0.12638928872516197
170, 1157, 437, 4.528240893007025, 29.047027587890625, 0.06647059859574718
215, 1157, 437, 4.410047360337237, 28.79796600341797, 0.04631808102210606
260, 1157, 437, 4.373677390674074, 28.68596649169922, 0.04987343063181747
305, 1157, 437, 4.346496501774953, 28.830020904541016, 0.029898987409185982
350, 1157, 437, 4.469917847620333, 28.552181243896484, 0.019587973560707322
395, 1157, 437, 4.5224631505951995, 28.426137924194336, -0.0032932491826870008
440, 1157, 437, 3.7551342540639507, 28.379592895507812, 0.008947408531637164
80, 1157, 617, 4.152885363479626, 27.260395050048828, 0.08158493171241932
125, 1157, 617, 4.401263814580494, 28.435745239257812, 0.09278732490124482
170, 1157, 617, 4.195441062834282, 29.059223175048828, 0.07232391526324519
215, 1157, 617, 4.348184429969455, 28.965763092041016, 0.052914740401638266
260, 1157, 617, 4.461489456554301, 28.121370315551758, 0.03290025616879718
305, 1157, 617, 4.426996234441442, 28.204782485961914, 0.005934445430044433
350, 1157, 617, 4.525934473570323, 27.845088958740234, 0.0398706972399664
395, 1157, 617, 4.4116207473327815, 27.572864532470703, 0.009166479981338094
440, 1157, 617, 3.7512143170248167, 27.489429473876953, -0.004606775384178336
80, 1157, 797, 4.408479964146513, 27.657501220703125, 0.018524748266761794
125, 1157, 797, 4.494336426624686, 27.16436004638672, 0.04894477700257005
170, 1157, 797, 4.308015458734122, 27.614768981933594, 0.020604796988622654
215, 1157, 797, 4.333801812435549, 28.05904769897461, 0.03588589796057153
260, 1157, 797, 4.407529999023711, 27.772499084472656, 0.04332722630357661
305, 1157, 797, 4.312061935352028, 27.761749267578125, 0.05045454366528309
350, 1157, 797, 4.392632951828601, 27.969215393066406, 0.021059945782631047
395, 1157, 797, 4.34369250155519, 27.66655921936035, -0.00722023301946368
440, 1157, 797, 3.687738343608311, 27.607898712158203, -0.006248367860913603
80, 1157, 977, 4.43459567988184, 26.654788970947266, 0.05634675243235546
125, 1157, 977, 4.429262432649009, 26.686758041381836, 0.039107259610794115
170, 1157, 977, 4.336481186404433, 27.074321746826172, 0.04128823202695628
215, 1157, 977, 4.540971848073035, 26.419267654418945, 0.06318199236104
260, 1157, 977, 4.098045485958491, 25.380512237548828, 0.1027520925260398
305, 1157, 977, 4.425604124802623, 25.6794376373291, 0.06730670175941542
350, 1157, 977, 4.491892666826223, 26.327722549438477, 0.023903889810222807
395, 1157, 977, 4.551614030470908, 27.025066375732422, 0.003183113551106537
440, 1157, 977, 3.7184711724442234, 27.222434997558594, -0.011982487386557493
80, 1157, 1157, 4.277249514913405, 28.527223587036133, 0.03205757986745414
125, 1157, 1157, 4.365652871243356, 28.734220504760742, 0.05772330581918495
170, 1157, 1157, 4.347883468824143, 28.897430419921875, 0.05076459084089825
215, 1157, 1157, 4.20608792478727, 28.768470764160156, 0.08969437783361985
260, 1157, 1157, 4.3293775158817365, 28.78669548034668, 0.03399556271412127
305, 1157, 1157, 4.377054668588952, 28.916467666625977, 0.012686821876727405
350, 1157, 1157, 4.376859266693444, 28.971656799316406, 0.012089501180775347
395, 1157, 1157, 4.398137766166976, 29.010944366455078, 0.008281452311227119
440, 1157, 1157, 3.758218294742577, 28.986801147460938, 0.010938211875251385
80, 1157, 1337, 4.308366967540802, 28.90034294128418, 0.08708300129641301
125, 1157, 1337, 4.162331298322052, 28.70697593688965, 0.1095181482022727
170, 1157, 1337, 4.237841268347139, 29.045150756835938, 0.030449525577072048
215, 1157, 1337, 4.428130296453213, 29.522747039794922, 0.014736383538677858
260, 1157, 1337, 4.348565204607315, 29.834388732910156, 0.020621128657166157
305, 1157, 1337, 4.38063033539696, 30.642410278320312, 0.00445007393859517
350, 1157, 1337, 4.306424603158365, 30.76322364807129, 0.005791855164905836
395, 1157, 1337, 4.423077566291207, 30.077823638916016, 0.005025869613846669
440, 1157, 1337, 3.739879954542818, 29.92529296875, -0.004358992120388539
80, 1157, 1517, 4.172589281282166, 28.13500213623047, 0.14192429040218274
125, 1157, 1517, 4.506056632698474, 27.754558563232422, 0.1023917594231449
170, 1157, 1517, 4.555714473271618, 27.995723724365234, 0.1283024266994099
215, 1157, 1517, 4.2915335211933305, 28.30707359313965, 0.14339430453163607
260, 1157, 1517, 4.307664698812075, 29.27552032470703, 0.12129684735332699
305, 1157, 1517, 4.241030342101238, 29.68114471435547, 0.02508403487614267
350, 1157, 1517, 4.490662568885515, 29.537860870361328, 0.013166933316950822
395, 1157, 1517, 4.497790914577831, 29.261852264404297, -0.001071261558208553
440, 1157, 1517, 3.7666935055580875, 29.102556228637695, -0.0037258854601073697
80, 1157, 1697, 4.245365912237173, 26.095905303955078, 0.1089193840844489
125, 1157, 1697, 4.548577665448041, 25.917938232421875, 0.08622930144684028
170, 1157, 1697, 4.59023062699512, 26.077800750732422, 0.07878657285533627
215, 1157, 1697, 4.168030396846576, 26.198833465576172, 0.13316373045225932
260, 1157, 1697, 4.497550086920705, 26.743627548217773, 0.1273130159081286
305, 1157, 1697, 4.368600956100591, 27.399185180664062, 0.10317483096543464
350, 1157, 1697, 4.134298085052797, 27.753211975097656, 0.0953233674183467
395, 1157, 1697, 4.455001881476183, 27.840469360351562, 0.007906921264337112
440, 1157, 1697, 3.600604016376939, 27.816743850708008, 0.0018960504609442138
80, 1157, 1877, 4.345736241232826, 25.34918975830078, 0.07707163163137783
125, 1157, 1877, 4.194479655716031, 26.156417846679688, 0.09810387763572002
170, 1157, 1877, 4.28717437949224, 26.588603973388672, 0.060676994030207806
215, 1157, 1877, 4.305112012883335, 26.80459213256836, 0.04141129854313889
260, 1157, 1877, 4.423174486237644, 26.337520599365234, 0.06057271048812082
305, 1157, 1877, 4.242725640467928, 26.28095817565918, 0.022606223296659324
350, 1157, 1877, 4.40096414127608, 27.14773178100586, 0.010454622223012928
395, 1157, 1877, 4.249765574051905, 27.71084213256836, -0.0024144522448739853
440, 1157, 1877, 3.747928503318267, 27.797847747802734, 0.0026391453039685334
80, 1337, 77, 4.151574790592143, 28.112747192382812, 0.09903842399470734
125, 1337, 77, 4.463868244042065, 28.647212982177734, 0.06747110363469412
170, 1337, 77, 4.5231227709895405, 29.903507232666016, 0.04401176888026875
215, 1337, 77, 4.487809025197572, 30.51837730407715, 0.04491934024846692
260, 1337, 77, 4.4281238328608445, 30.338218688964844, 0.02137929548297272
305, 1337, 77, 4.437504692319855, 30.376659393310547, 0.008402343180153591
350, 1337, 77, 4.471563117672826, 30.432655334472656, 0.008510229514284515
395, 1337, 77, 4.502901255481873, 29.927490234375, -0.0008952573476739836
440, 1337, 77, 3.69170349862899, 29.71609878540039, 0.002426557670714969
80, 1337, 257, 4.38087476361751, 28.34337615966797, 0.02699458072935492
125, 1337, 257, 4.426017653922093, 28.14556121826172, 0.013866414955857831
170, 1337, 257, 4.328603361815469, 27.930713653564453, 0.04677002366453968
215, 1337, 257, 4.245074860247893, 28.836139678955078, 0.0759642640942303
260, 1337, 257, 4.364503870073176, 29.082448959350586, 0.11166521183374531
305, 1337, 257, 4.390761758939125, 29.36423110961914, 0.029611967319923677
350, 1337, 257, 4.533552324034758, 28.714691162109375, 0.0327571655763262
395, 1337, 257, 4.39867253578376, 28.35340118408203, 0.00467977521945753
440, 1337, 257, 3.7874135026435316, 28.511884689331055, -0.003933248913834975
80, 1337, 437, 4.165604989984247, 28.263286590576172, 0.07664203773821832
125, 1337, 437, 4.415866810098361, 28.34695053100586, 0.04454168814255242
170, 1337, 437, 4.323204104293179, 27.349491119384766, 0.04366895967327681
215, 1337, 437, 4.260480286810866, 27.180130004882812, 0.050773942865912684
260, 1337, 437, 4.49675438239843, 27.05319595336914, 0.01740445413975069
305, 1337, 437, 4.511025007563618, 28.01057243347168, 0.06612590075487806
350, 1337, 437, 4.494323667729637, 27.88675308227539, 0.06174552033068096
395, 1337, 437, 4.472903378474227, 28.132415771484375, -0.0016870280938114262
440, 1337, 437, 3.6389006524434295, 28.122283935546875, -0.00689160394909062
80, 1337, 617, 4.337911418623911, 29.309066772460938, 0.030331957122002574
125, 1337, 617, 4.317190883092701, 28.749958038330078, 0.01649239273667097
170, 1337, 617, 4.187506697096112, 29.172731399536133, 0.01554964717501474
215, 1337, 617, 4.557124083117015, 28.51824378967285, 0.03178788604647878
260, 1337, 617, 4.303302734258384, 27.838027954101562, 0.06479308190654536
305, 1337, 617, 4.373503870651575, 28.178565979003906, 0.02319715000973393
350, 1337, 617, 4.181757971181575, 28.032859802246094, 0.02760115845421625
395, 1337, 617, 4.538393681756279, 27.83393096923828, 0.005057766795483022
440, 1337, 617, 3.7642674972818524, 27.82384490966797, 0.0003709845734121554
80, 1337, 797, 4.520513236620492, 26.42364501953125, 0.06879102886981836
125, 1337, 797, 4.5021612081649085, 26.659767150878906, 0.07025949721155632
170, 1337, 797, 4.2677627698900285, 26.687236785888672, 0.057240980323579646
215, 1337, 797, 4.5446238845058256, 26.918739318847656, 0.04374941771252486
260, 1337, 797, 4.51185258636191, 26.88190269470215, 0.04225897688750971
305, 1337, 797, 4.298994113402363, 27.094438552856445, 0.019825154108178224
350, 1337, 797, 4.318576952873529, 27.296781539916992, 0.010486136223795035
395, 1337, 797, 4.336385006957524, 27.271610260009766, 0.0017996547778983344
440, 1337, 797, 3.6559042890035727, 27.286806106567383, 0.0017115032553853284
80, 1337, 977, 4.55647785543056, 25.478647232055664, 0.03728645520425916
125, 1337, 977, 4.45743978599903, 25.475929260253906, 0.04341760435972461
170, 1337, 977, 4.339708242661204, 25.424453735351562, 0.029796329570124958
215, 1337, 977, 4.371667610318657, 24.94896125793457, 0.032509853165485894
260, 1337, 977, 4.306016184225351, 24.828125, 0.03777690992585809
305, 1337, 977, 4.492196691326775, 25.15515899658203, 0.021973034026572885
350, 1337, 977, 4.561854262755553, 25.840057373046875, 0.008117787243694547
395, 1337, 977, 4.349365497573572, 26.195308685302734, -0.001701346356681217
440, 1337, 977, 3.774672069402698, 26.247238159179688, 0.005813465476640632
80, 1337, 1157, 4.164793424525556, 27.452560424804688, 0.03243888546213885
125, 1337, 1157, 4.279036243689631, 27.727031707763672, 0.04136569995025219
170, 1337, 1157, 4.439917515629982, 27.45418930053711, 0.026146585694754334
215, 1337, 1157, 4.484800247475313, 27.365402221679688, 0.01823589507851631
260, 1337, 1157, 4.461054263016761, 27.18166732788086, 0.05020295684860963
305, 1337, 1157, 4.4967132769443205, 27.176143646240234, 0.016143061218214304
350, 1337, 1157, 4.336642595681673, 27.633852005004883, 0.011267180520206971
395, 1337, 1157, 4.416731787995138, 27.704708099365234, -0.007486064801154858
440, 1337, 1157, 3.750226336145517, 27.542678833007812, 0.0013771158138043194
80, 1337, 1337, 4.305184670811926, 25.79798126220703, 0.05693842226820451
125, 1337, 1337, 4.397889438760395, 25.445459365844727, 0.03347067196859609
170, 1337, 1337, 4.331974834787355, 25.340259552001953, 0.04627858929421098
215, 1337, 1337, 4.374985584020697, 24.870426177978516, 0.050408757554725854
260, 1337, 1337, 4.415773121181277, 25.164268493652344, 0.031884960925286226
305, 1337, 1337, 4.567933015546646, 25.869712829589844, 0.018944355732393146
350, 1337, 1337, 4.546126307820351, 26.28316879272461, 0.008971944110846843
395, 1337, 1337, 4.343940425070596, 26.437705993652344, 0.011207708693612062
440, 1337, 1337, 3.693891467396296, 26.559738159179688, 0.0012493763288668107
80, 1337, 1517, 4.277524918543774, 25.238019943237305, 0.03948323280064572
125, 1337, 1517, 4.504134600930186, 25.601612091064453, 0.03216639136929064
170, 1337, 1517, 4.4100181445509365, 25.700740814208984, 0.03507684578945204
215, 1337, 1517, 4.452183460732589, 25.54697036743164, 0.03261192030849892
260, 1337, 1517, 4.234691657114716, 25.032196044921875, 0.10237844834693235
305, 1337, 1517, 4.486092128148929, 26.227428436279297, 0.08592710151119302
350, 1337, 1517, 4.383458958795239, 27.052885055541992, 0.038733360519636634
395, 1337, 1517, 4.34524731248369, 26.656265258789062, -0.001457898453544441
440, 1337, 1517, 3.7684542617198162, 26.643186569213867, -0.006362517676516103
80, 1337, 1697, 4.38424269244732, 29.914520263671875, 0.014854652976719571
125, 1337, 1697, 4.496591007230135, 29.11871337890625, 0.026555323585454295
170, 1337, 1697, 4.482761206937419, 28.21355438232422, 0.02844407782811918
215, 1337, 1697, 4.294423659874732, 27.62582015991211, 0.0739441095897425
260, 1337, 1697, 4.490785289784332, 26.59359359741211, 0.11832214796299942
305, 1337, 1697, 4.243116405663234, 26.523773193359375, 0.10317000800815479
350, 1337, 1697, 4.243673144017668, 27.09190559387207, 0.11087833694507669
395, 1337, 1697, 4.483345558702094, 26.686138153076172, 0.011642578075756246
440, 1337, 1697, 3.7494298197634524, 26.564105987548828, 0.018642391941509122
80, 1337, 1877, 4.415339532523223, 25.935562133789062, 0.04790918737361167
125, 1337, 1877, 4.576052418540331, 25.281517028808594, 0.0745326317032887
170, 1337, 1877, 4.477916307441954, 24.78350830078125, 0.05550296822039684
215, 1337, 1877, 4.508275956960735, 25.180051803588867, 0.053342724662631145
260, 1337, 1877, 4.415909600635183, 25.528438568115234, 0.09150638176305319
305, 1337, 1877, 4.2159014233569465, 26.229694366455078, 0.04875031149583556
350, 1337, 1877, 4.508538745688461, 26.387710571289062, 0.020173233930076927
395, 1337, 1877, 4.553643500533127, 25.92046546936035, 0.005602696572788359
440, 1337, 1877, 3.7778538660389596, 25.93602752685547, 0.010042341935808392
80, 1517, 77, 4.3303157143736115, 29.56884765625, 0.02790444393678281
125, 1517, 77, 4.545573192978843, 29.56606674194336, 0.007165337656296315
170, 1517, 77, 4.3164319797808535, 29.531190872192383, 0.01256036296573816
215, 1517, 77, 4.39489420633729, 29.35494041442871, 0.02218437053969129
260, 1517, 77, 4.5118314113577425, 28.927940368652344, 0.0594020037078573
305, 1517, 77, 4.52434365252892, 28.382762908935547, 0.05780714519704454
350, 1517, 77, 4.219197704230239, 28.17987632751465, 0.0833898789888884
395, 1517, 77, 4.423738279154416, 28.731578826904297, 0.004306257217344529
440, 1517, 77, 3.716182479160396, 28.71782875061035, 0.004976581534462929
80, 1517, 257, 4.214732397668104, 29.29212188720703, 0.022430733393503623
125, 1517, 257, 4.4367865623871205, 29.300724029541016, 0.03573158291300161
170, 1517, 257, 4.360863327663874, 29.162193298339844, 0.055416778423537955
215, 1517, 257, 4.371652980198504, 28.666955947875977, 0.03452719862331001
260, 1517, 257, 4.542515869103489, 28.25391387939453, 0.04881881488478049
305, 1517, 257, 4.316757459178862, 28.6666202545166, 0.04707699209542106
350, 1517, 257, 4.402739001227466, 28.206661224365234, 0.05293952519228494
395, 1517, 257, 4.479997355750645, 28.238811492919922, 0.014235174837751254
440, 1517, 257, 3.6666762711735013, 28.15169906616211, 0.006860353598651797
80, 1517, 437, 4.357635747886946, 27.273242950439453, 0.09709058502505181
125, 1517, 437, 4.370422773901101, 27.736286163330078, 0.06990101027412729
170, 1517, 437, 4.501297001882201, 27.65363311767578, 0.06675672892764521
215, 1517, 437, 4.287762959577478, 28.64022445678711, 0.030661796556213615
260, 1517, 437, 4.324348871382196, 29.351123809814453, 0.03368111591780837
305, 1517, 437, 4.411157610870724, 29.057899475097656, 0.05621329435847815
350, 1517, 437, 4.297399316128716, 28.377687454223633, 0.03915416954445833
395, 1517, 437, 4.410412375949839, 28.323421478271484, 0.008309675676570687
440, 1517, 437, 3.7174516051962696, 28.368837356567383, 0.007631179020226454
80, 1517, 617, 4.225393735499232, 28.03676986694336, 0.07050916196849842
125, 1517, 617, 4.346682740038158, 28.12071990966797, 0.03068816206009667
170, 1517, 617, 4.437982724712547, 28.04106903076172, 0.008133002792225926
215, 1517, 617, 4.419182399722573, 28.880577087402344, 0.005479439524615468
260, 1517, 617, 4.508426766729635, 28.352153778076172, 0.03763030595791142
305, 1517, 617, 4.430147157707775, 28.748586654663086, 0.019005196738641407
350, 1517, 617, 4.368444787068271, 28.937395095825195, 0.02121931419709832
395, 1517, 617, 4.328362391736661, 28.458444595336914, 0.005311965410493426
440, 1517, 617, 3.769382098012264, 28.174299240112305, 0.011364500243215201
80, 1517, 797, 4.288462908821505, 25.57615089416504, 0.051359352118414636
125, 1517, 797, 4.31000177384755, 25.891895294189453, 0.057336135156914346
170, 1517, 797, 4.283311393665856, 25.640047073364258, 0.03587127892041378
215, 1517, 797, 4.240303749671222, 24.962093353271484, 0.05209272150642807
260, 1517, 797, 4.459793533768333, 25.285648345947266, 0.05193441052469364
305, 1517, 797, 4.424932879572086, 25.673351287841797, 0.02774411642918012
350, 1517, 797, 4.416114536351341, 25.763694763183594, 0.015870841017789655
395, 1517, 797, 4.439872105938221, 25.79132652282715, 0.008146632608503956
440, 1517, 797, 3.7747927462872246, 25.902969360351562, -0.00858028707224665
80, 1517, 977, 4.505109492706304, 26.426136016845703, 0.07083103145544384
125, 1517, 977, 4.58267261260221, 26.334972381591797, 0.04835078209376534
170, 1517, 977, 4.408565446679428, 26.038536071777344, 0.04998745621039626
215, 1517, 977, 4.271314598609813, 25.498722076416016, 0.05885646278279807
260, 1517, 977, 4.2334013860724315, 25.572830200195312, 0.06636512233596578
305, 1517, 977, 4.33972816613615, 26.149009704589844, 0.07884520040773046
350, 1517, 977, 4.2848070731330345, 26.751651763916016, 0.015646185184880854
395, 1517, 977, 4.480875847042159, 26.715404510498047, 0.0003873026179491006
440, 1517, 977, 3.6932045357356404, 26.65125846862793, -0.006260875690892335
80, 1517, 1157, 4.383881740660187, 28.671035766601562, 0.021797690587656043
125, 1517, 1157, 4.52224308199033, 28.856935501098633, 0.019782038767531922
170, 1517, 1157, 4.505800547383306, 28.83057403564453, 0.014906392530762537
215, 1517, 1157, 4.426817396499669, 28.69481086730957, 0.032578657292041666
260, 1517, 1157, 4.2301090187556145, 28.613271713256836, 0.03061019715439166
305, 1517, 1157, 4.39556170034378, 28.790756225585938, 0.009299707550603147
350, 1517, 1157, 4.2830628178896255, 28.788536071777344, 0.02326833734689679
395, 1517, 1157, 4.321735812709128, 28.708772659301758, -0.0018498789330168917
440, 1517, 1157, 3.7398521711719948, 28.637439727783203, 0.009552794048619917
80, 1517, 1337, 4.534855393000999, 25.872005462646484, 0.027066998574916713
125, 1517, 1337, 4.478919838258423, 26.145404815673828, 0.012897566279427753
170, 1517, 1337, 4.297930231832603, 25.907611846923828, 0.030850062299484286
215, 1517, 1337, 4.3937884691173705, 26.45468521118164, 0.04369165132356299
260, 1517, 1337, 4.445707289866377, 26.581867218017578, 0.02234790960204812
305, 1517, 1337, 4.3947297739395825, 26.99791717529297, 0.02942157679441353
350, 1517, 1337, 4.436639938185652, 27.305709838867188, 0.01654242782390062
395, 1517, 1337, 4.303289056177095, 26.891321182250977, -0.0032377074676904045
440, 1517, 1337, 3.7289050745120327, 26.933032989501953, 0.014253079407522152
80, 1517, 1517, 4.17653978548213, 25.65560531616211, 0.05156831031747291
125, 1517, 1517, 4.293188400973485, 25.918964385986328, 0.03378267565358919
170, 1517, 1517, 4.4776839954843135, 25.662250518798828, 0.018373128392441825
215, 1517, 1517, 4.34500798470292, 25.70404624938965, 0.03869070064304595
260, 1517, 1517, 4.323845137433474, 25.6363525390625, 0.034862047587913995
305, 1517, 1517, 4.383252809039766, 25.817834854125977, 0.008825789076191099
350, 1517, 1517, 4.572146707024417, 26.23990249633789, 0.025396610544853187
395, 1517, 1517, 4.392600312547343, 26.338790893554688, 3.39877796226273e-05
440, 1517, 1517, 3.7958970987159315, 26.29024314880371, 0.009413764132082749
80, 1517, 1697, 4.4586752345036365, 25.01630401611328, 0.054074366735484714
125, 1517, 1697, 4.31368769263064, 24.842700958251953, 0.02882958802894948
170, 1517, 1697, 4.556346188255127, 24.673070907592773, 0.025756987837344304
215, 1517, 1697, 4.502511452239466, 24.206905364990234, 0.02432866197492104
260, 1517, 1697, 4.525015968440181, 24.406497955322266, 0.00637962848962552
305, 1517, 1697, 4.581663140109921, 24.06414031982422, 0.038546037250369744
350, 1517, 1697, 4.476718740965096, 23.871952056884766, 0.04086361586773174
395, 1517, 1697, 4.502939769641127, 24.35002899169922, 0.004125642300229548
440, 1517, 1697, 3.6861903545681094, 24.554136276245117, 0.006491247551079344
80, 1517, 1877, 4.441984190557357, 25.286479949951172, 0.015841496840621205
125, 1517, 1877, 4.420004137345676, 24.900291442871094, 0.02345279257815818
170, 1517, 1877, 4.39828738155486, 24.987476348876953, 0.047208635899284354
215, 1517, 1877, 4.233089298977949, 25.063138961791992, 0.06855970047898652
260, 1517, 1877, 4.354469394283252, 25.13584327697754, 0.09547390674937722
305, 1517, 1877, 4.468446342974635, 24.926746368408203, 0.033488444643767726
350, 1517, 1877, 4.369047152149241, 25.067569732666016, 0.031133566968365042
395, 1517, 1877, 4.557761667265561, 25.366962432861328, 0.0013591878763086337
440, 1517, 1877, 3.7820755810327307, 25.41551971435547, -0.007498029103419222
80, 1697, 77, 4.519986992371353, 27.975297927856445, 0.09317816200784998
125, 1697, 77, 4.484316248670909, 27.934532165527344, 0.027019417259779053
170, 1697, 77, 4.29150786339598, 28.35082244873047, 0.013354823169477137
215, 1697, 77, 4.496150318674179, 27.915306091308594, 0.022907642010103705
260, 1697, 77, 4.3325204902537875, 27.392227172851562, 0.017249464169322357
305, 1697, 77, 4.292429606153963, 27.51903533935547, 0.0998825411201456
350, 1697, 77, 4.3359592018136714, 27.147388458251953, 0.10383907825545438
395, 1697, 77, 4.305135659945147, 26.880117416381836, 0.06343067908801127
440, 1697, 77, 3.609141846944668, 26.86484718322754, 0.3021539960508236
80, 1697, 257, 4.53700546746204, 26.98686981201172, 0.0713818047824842
125, 1697, 257, 4.365186015978355, 26.472015380859375, 0.12320586904431415
170, 1697, 257, 4.249476078843014, 26.636432647705078, 0.012629261873884133
215, 1697, 257, 4.537439603283697, 26.11803436279297, 0.017838849000903666
260, 1697, 257, 4.428087522485238, 25.934967041015625, 0.014867076841862416
305, 1697, 257, 4.438226778239669, 25.808839797973633, 0.02561672595408086
350, 1697, 257, 4.345079749946815, 25.83266258239746, 0.008811334765302789
395, 1697, 257, 4.505597695664253, 25.97716522216797, 0.00014756736586106692
440, 1697, 257, 3.7503091524400647, 26.084699630737305, 0.007818392226216556
80, 1697, 437, 4.488923307890006, 28.25126838684082, 0.02504705203600023
125, 1697, 437, 4.335338853455298, 28.01974868774414, 0.02662528507801397
170, 1697, 437, 4.495962236196475, 27.859554290771484, 0.03814770694324332
215, 1697, 437, 4.360477567158489, 27.769275665283203, 0.047251159114464855
260, 1697, 437, 4.4442546301255135, 27.17839241027832, 0.06224274209913806
305, 1697, 437, 4.146736639227241, 27.84684181213379, 0.05605319093058353
350, 1697, 437, 4.3663421650523935, 28.257417678833008, 0.02040837084656351
395, 1697, 437, 4.546468113069426, 28.010604858398438, 0.000973401520159713
440, 1697, 437, 3.697247039957256, 27.912803649902344, 0.013411283420277099
80, 1697, 617, 4.199151651573303, 29.36853790283203, 0.03104065526989114
125, 1697, 617, 4.375575071058653, 28.7984619140625, 0.014353838174329468
170, 1697, 617, 4.1759948809824685, 29.511558532714844, 0.017881020199930854
215, 1697, 617, 4.351408899202726, 29.6027774810791, 0.013444104295644783
260, 1697, 617, 4.297470411567658, 29.405078887939453, 0.030309697532961283
305, 1697, 617, 4.3408153549819435, 29.155174255371094, 0.017577791028838458
350, 1697, 617, 4.294461428918924, 28.708763122558594, 0.04249948343196158
395, 1697, 617, 4.29019587748989, 28.78658676147461, -0.002722021760888876
440, 1697, 617, 3.701796170698921, 28.729740142822266, -0.007091599561471502
80, 1697, 797, 4.314097506472765, 27.892662048339844, 0.050666640486842975
125, 1697, 797, 4.218566862176134, 28.063343048095703, 0.03802074652722141
170, 1697, 797, 4.308648409696054, 27.4427433013916, 0.05112474142820809
215, 1697, 797, 4.388383135140723, 26.545116424560547, 0.08324217187540855
260, 1697, 797, 4.125374143824721, 25.756357192993164, 0.09645121203840668
305, 1697, 797, 4.479195625725274, 25.945613861083984, 0.08077996031086915
350, 1697, 797, 4.504044727257996, 27.09964370727539, 0.012820632687036955
395, 1697, 797, 4.522756508143003, 27.526386260986328, 0.004692909330952098
440, 1697, 797, 3.6906926319544353, 27.63783836364746, 0.00834963783229074
80, 1697, 977, 4.489484118233446, 27.753751754760742, 0.031459075427863054
125, 1697, 977, 4.446012010171385, 27.503341674804688, 0.057739347257880935
170, 1697, 977, 4.266490102938285, 27.187347412109375, 0.029631066791656654
215, 1697, 977, 4.264503668497496, 27.512866973876953, 0.02965671287551697
260, 1697, 977, 4.3662805311592585, 27.306087493896484, 0.020144350924337
305, 1697, 977, 4.384287907228443, 26.951141357421875, 0.044873591744279684
350, 1697, 977, 4.329506880214612, 26.625995635986328, 0.07889297181557893
395, 1697, 977, 4.443004100024373, 27.055374145507812, 0.007321723832864001
440, 1697, 977, 3.741507310121617, 27.344024658203125, 0.0010983977136726304
80, 1697, 1157, 4.564711730702565, 28.593402862548828, 0.03431763627403482
125, 1697, 1157, 4.377852725026139, 29.431671142578125, 0.06023800333085572
170, 1697, 1157, 4.348423175070627, 29.684370040893555, 0.08360583504833513
215, 1697, 1157, 4.511229036339784, 29.3323974609375, 0.0740069584020298
260, 1697, 1157, 4.495894938622438, 28.288772583007812, 0.06774584965932581
305, 1697, 1157, 4.1960783760639275, 27.50084686279297, 0.10555610396046836
350, 1697, 1157, 4.288093438761052, 27.83638572692871, 0.04893893711642547
395, 1697, 1157, 4.287966787662441, 28.13784408569336, 0.005575235577066366
440, 1697, 1157, 3.698168858770381, 28.242692947387695, 0.015393056417213506
80, 1697, 1337, 4.605483293401318, 27.753570556640625, 0.05447898220359389
125, 1697, 1337, 4.37767007473252, 27.280357360839844, 0.07315239361612313
170, 1697, 1337, 4.053475307188135, 26.702661514282227, 0.04999682776182162
215, 1697, 1337, 4.3285068948015475, 27.079814910888672, 0.11407479102419889
260, 1697, 1337, 4.4297945061388315, 28.71356201171875, 0.08461359751045858
305, 1697, 1337, 4.501099858756698, 29.708375930786133, -0.000369126192739031
350, 1697, 1337, 4.3357686929596815, 29.439220428466797, 0.014382657669063418
395, 1697, 1337, 4.448859643283855, 28.794639587402344, -0.001234054633922837
440, 1697, 1337, 3.7050718767547317, 28.386037826538086, -0.0023017719155920082
80, 1697, 1517, 4.370757946939348, 25.58418083190918, 0.01819602426522759
125, 1697, 1517, 4.460557926420756, 25.761028289794922, 0.021701883657429803
170, 1697, 1517, 4.513711174843468, 25.601919174194336, 0.038550750635680316
215, 1697, 1517, 4.546204098527521, 25.20798683166504, 0.063590208234222
260, 1697, 1517, 4.603451643849844, 25.56006622314453, 0.040292057133724454
305, 1697, 1517, 4.402851544295816, 26.16580581665039, 0.06396440582846115
350, 1697, 1517, 4.4429067649151, 26.904008865356445, 0.021266390094604366
395, 1697, 1517, 4.482251590015517, 26.966476440429688, 0.00627817986010734
440, 1697, 1517, 3.676758977400509, 26.891422271728516, -0.0012837496402304763
80, 1697, 1697, 4.350514831592796, 24.481578826904297, 0.07464158656318769
125, 1697, 1697, 4.487408512923678, 24.218111038208008, 0.019462883476887897
170, 1697, 1697, 4.5442386289827645, 24.297382354736328, 0.013383941418666917
215, 1697, 1697, 4.349849771424008, 24.42523956298828, 0.018523086741555995
260, 1697, 1697, 4.514356665504478, 24.988121032714844, 0.017501606719335254
305, 1697, 1697, 4.421727852128301, 25.411624908447266, 0.0409159191013522
350, 1697, 1697, 4.507974026349017, 24.9062442779541, 0.052144185306646405
395, 1697, 1697, 4.482408738638389, 24.890254974365234, 0.006189263244130398
440, 1697, 1697, 3.7250825300539354, 24.968721389770508, 0.009984436127717959
80, 1697, 1877, 4.475998040965619, 24.239749908447266, 0.02733372409824496
125, 1697, 1877, 4.486746941154236, 23.78702163696289, 0.03378211627413249
170, 1697, 1877, 4.4956061973071835, 23.61518096923828, 0.020821635388064662
215, 1697, 1877, 4.448689217924272, 23.763690948486328, 0.014470237021543224
260, 1697, 1877, 4.440898057820655, 23.84441566467285, 0.03240687355891771
305, 1697, 1877, 4.469480680210939, 24.112380981445312, 0.015459500628101754
350, 1697, 1877, 4.287891269253407, 24.25179672241211, 0.009340669621022181
395, 1697, 1877, 4.381175728576454, 24.40962791442871, -0.004213919631848752
440, 1697, 1877, 3.7308981152896243, 24.37996482849121, -0.006424815685211075
80, 1877, 77, 4.475405049610939, 24.28836441040039, 0.024621861064293996
125, 1877, 77, 4.498477790547463, 24.105140686035156, 0.014518332030325837
170, 1877, 77, 4.542727009908661, 23.88338279724121, 0.0519534674424742
215, 1877, 77, 4.5415035783418345, 24.27620506286621, 0.030931743579179057
260, 1877, 77, 4.5304798690781265, 24.5672607421875, 0.01132230976921173
305, 1877, 77, 4.522990327167986, 24.9598388671875, 0.02270020002188553
350, 1877, 77, 4.513361200794281, 25.240310668945312, 0.004823969743126486
395, 1877, 77, 4.508455852996068, 25.211532592773438, -0.004844496544126249
440, 1877, 77, 3.7943589486805767, 25.029918670654297, 0.002984163155379567
80, 1877, 257, 4.677804453422545, 24.690282821655273, 0.03832854508613644
125, 1877, 257, 4.415923468879642, 25.40845489501953, 0.04035776255771832
170, 1877, 257, 4.374178986547387, 25.46231460571289, 0.027490274948420133
215, 1877, 257, 4.544650224839381, 26.17921257019043, 0.01945257176937712
260, 1877, 257, 4.573360518731012, 26.29585838317871, 0.02709509067098979
305, 1877, 257, 4.463737260492509, 25.798309326171875, 0.013991254671333046
350, 1877, 257, 4.503699034207565, 24.75066566467285, 0.012105079226332343
395, 1877, 257, 4.584264773871839, 24.65542221069336, -0.0014955748656250841
440, 1877, 257, 3.707932327989192, 24.564205169677734, -0.011115533671371573
80, 1877, 437, 4.50214329409991, 22.903047561645508, 0.01806909231668977
125, 1877, 437, 4.398080970548537, 23.157989501953125, 0.006163911224852702
170, 1877, 437, 4.470370912522761, 23.438312530517578, 0.01013325135807418
215, 1877, 437, 4.568645864943092, 23.668140411376953, 0.007835339400903986
260, 1877, 437, 4.571922181568888, 23.580615997314453, 0.008420993929185841
305, 1877, 437, 4.5915323103032195, 24.05391502380371, 0.011192990233824586
350, 1877, 437, 4.354550462904381, 24.542552947998047, 0.0031561681055965276
395, 1877, 437, 4.503396609151506, 24.36864471435547, -0.004588968259559054
440, 1877, 437, 3.6852146216159363, 24.189308166503906, -0.003978558821479741
80, 1877, 617, 4.57415077234645, 25.887718200683594, 0.12862004282946704
125, 1877, 617, 4.273313238467044, 25.839038848876953, 0.035482449650092035
170, 1877, 617, 4.571582911428595, 25.605300903320312, 0.04264684437409483
215, 1877, 617, 4.378591814528989, 26.525344848632812, 0.06110395476186601
260, 1877, 617, 4.492723019023847, 27.178049087524414, 0.0202766292708756
305, 1877, 617, 4.390874458512159, 27.108476638793945, 0.023567492113857495
350, 1877, 617, 4.510513504563171, 27.356868743896484, 0.010207874677506522
395, 1877, 617, 4.456831275889964, 27.42061996459961, -0.0017145373737238276
440, 1877, 617, 3.7092461961787273, 27.35592269897461, 0.010325228504067882
80, 1877, 797, 4.367319472284473, 30.11074447631836, 0.008293645705650887
125, 1877, 797, 4.269139421732564, 29.968082427978516, 0.01860971831768467
170, 1877, 797, 4.455982405125203, 29.95657730102539, 0.02012008639371343
215, 1877, 797, 4.333977963867572, 30.031875610351562, 0.01104638289656959
260, 1877, 797, 4.504286444017669, 29.965852737426758, 0.009775830951741043
305, 1877, 797, 4.364908714753654, 29.842144012451172, 0.02336348833249425
350, 1877, 797, 4.418001504212707, 29.834423065185547, 0.021450591493640488
395, 1877, 797, 4.4691691556997934, 29.299983978271484, 0.001725904391776074
440, 1877, 797, 3.7469518257703567, 28.999900817871094, 0.008930520997670863
80, 1877, 977, 4.365855213940408, 30.40764617919922, 0.04437657030344782
125, 1877, 977, 4.412794339854762, 30.94463348388672, 0.05023090188738568
170, 1877, 977, 4.315195747061986, 30.864700317382812, 0.03170648141274832
215, 1877, 977, 4.302851080581373, 30.72188949584961, 0.026241981976589564
260, 1877, 977, 4.303100820003184, 30.8544979095459, 0.021328446025021784
305, 1877, 977, 4.346744942104339, 30.3236026763916, 0.06283738044232175
350, 1877, 977, 4.447812305323984, 29.425373077392578, 0.051044512495571674
395, 1877, 977, 4.433077138582313, 28.898178100585938, 0.0030789148646907863
440, 1877, 977, 3.7187320740538774, 28.719951629638672, 0.00083852523995592
80, 1877, 1157, 4.458469160623186, 30.06955337524414, 0.026796432213473442
125, 1877, 1157, 4.485060989588886, 30.086383819580078, 0.03225255964756346
170, 1877, 1157, 4.34875658829693, 29.789752960205078, 0.10968515300442412
215, 1877, 1157, 4.5183124386371665, 29.660762786865234, 0.11062931948980531
260, 1877, 1157, 4.398192379944998, 30.656002044677734, 0.036728282005620616
305, 1877, 1157, 4.436262672677406, 31.351360321044922, 0.0019822892288123466
350, 1877, 1157, 4.324220510954615, 30.83220672607422, 0.02456947879321909
395, 1877, 1157, 4.536969726712173, 30.34713363647461, 0.009269054307494223
440, 1877, 1157, 3.7418941247627466, 30.130741119384766, 0.0021933964720975956
80, 1877, 1337, 4.532374939590341, 28.50819206237793, 0.05621815934320762
125, 1877, 1337, 4.61209880993666, 27.84645652770996, 0.06456391281125103
170, 1877, 1337, 4.529322076573108, 27.92965316772461, 0.04830638810887084
215, 1877, 1337, 4.533406982000843, 27.4971923828125, 0.04206509604808113
260, 1877, 1337, 4.534264447719167, 27.270355224609375, 0.04667492357576274
305, 1877, 1337, 4.380709895103986, 27.723955154418945, 0.04731785072728416
350, 1877, 1337, 4.438587578531845, 28.170413970947266, 0.05322324184862814
395, 1877, 1337, 4.521350970577079, 27.8328914642334, 0.006919030714052253
440, 1877, 1337, 3.749091021685106, 27.783037185668945, -0.002989581155040429
80, 1877, 1517, 4.330805228310397, 27.587177276611328, 0.01134393570565637
125, 1877, 1517, 4.508019552230041, 26.393569946289062, 0.02546153317360936
170, 1877, 1517, 4.457114788113548, 25.81967544555664, 0.031758779184812846
215, 1877, 1517, 4.2548002836315515, 25.93166732788086, 0.08073284212758045
260, 1877, 1517, 4.390535005314192, 25.24184799194336, 0.12644329466545617
305, 1877, 1517, 4.58844953753172, 24.29496192932129, 0.08745015920462819
350, 1877, 1517, 4.313426690251485, 24.26660919189453, 0.0927571648080027
395, 1877, 1517, 4.580002700245434, 25.492839813232422, 0.0025135155166116515
440, 1877, 1517, 3.752673011495961, 25.961400985717773, 0.013187354983523147
80, 1877, 1697, 4.483578286476864, 23.724214553833008, 0.055381861254582235
125, 1877, 1697, 4.4040694065240515, 23.43427085876465, 0.021338859959945326
170, 1877, 1697, 4.50897246099416, 23.276290893554688, 0.007129116048028942
215, 1877, 1697, 4.3550541028358465, 23.238277435302734, 0.004561487835952352
260, 1877, 1697, 4.39234415198892, 22.870445251464844, 0.0059889355610573645
305, 1877, 1697, 4.547842841294088, 22.631038665771484, 0.017732425064158154
350, 1877, 1697, 4.5879880799936315, 22.910615921020508, 0.019601219370430776
395, 1877, 1697, 4.5578954724119285, 23.398454666137695, 0.00447197870480243
440, 1877, 1697, 3.7627638060926767, 23.654552459716797, 0.026758245568157528
80, 1877, 1877, 4.562061184275851, 23.2067813873291, 0.02065295049707111
125, 1877, 1877, 4.470807419416858, 23.35064697265625, 0.04000972608656224
170, 1877, 1877, 4.514025868298235, 23.627471923828125, 0.013247185283913849
215, 1877, 1877, 4.5100304025829825, 23.558025360107422, 0.00821927502578707
260, 1877, 1877, 4.287607013110235, 23.30105972290039, 0.010921955468658689
305, 1877, 1877, 4.472641369003985, 23.2498779296875, 0.017796784609818907
350, 1877, 1877, 4.530792606920426, 23.29708480834961, 0.013037369300935506
395, 1877, 1877, 4.342238920450017, 23.29067611694336, 0.005315139955187746
440, 1877, 1877, 3.82178932460048, 23.3350887298584, -0.0032821654926976996
