80, 77, 77, 5.001442982711884, 20.23307991027832, 0.003988136528885041
125, 77, 77, 4.733180913480494, 20.578765869140625, -0.0004528145915108012
170, 77, 77, 4.787159357353194, 20.699012756347656, -0.0010461371420745396
215, 77, 77, 4.774700955679686, 20.558429718017578, -0.0038958414354738663
260, 77, 77, 4.731649641577579, 21.265586853027344, 0.018860118006781935
305, 77, 77, 4.601578562154688, 22.776344299316406, -0.0017501793050732981
350, 77, 77, 4.69995734953457, 23.20327377319336, 0.0030244261082615197
395, 77, 77, 4.698054049044102, 23.09990882873535, -0.004354755702651135
440, 77, 77, 4.009421463051647, 23.29448890686035, 0.011108512088486637
80, 77, 257, 4.3911234724519055, 27.943994522094727, 0.017984997727862124
125, 77, 257, 4.366598628391571, 27.70109748840332, 0.020746779333607912
170, 77, 257, 4.535029408050135, 27.0468807220459, 0.01457302742042862
215, 77, 257, 4.498518086025353, 27.07373809814453, 0.018861888598552624
260, 77, 257, 4.388913128707805, 27.1231689453125, 0.07309171762647552
305, 77, 257, 4.540007543338085, 27.575927734375, 0.023778215902667328
350, 77, 257, 4.423150126580891, 27.22784996032715, 0.013853636807543796
395, 77, 257, 4.417096649956816, 27.293682098388672, 0.006575319110021807
440, 77, 257, 3.870129879663673, 27.217344284057617, 0.006088020637365821
80, 77, 437, 4.434037201277395, 27.546283721923828, 0.037493331983450104
125, 77, 437, 4.307498524153027, 27.81197738647461, 0.056350249995201884
170, 77, 437, 4.211948601933157, 27.44972038269043, 0.06057818302643917
215, 77, 437, 4.170926181909622, 27.518348693847656, 0.06229742105843833
260, 77, 437, 4.425586218870432, 28.596769332885742, 0.030730910859096634
305, 77, 437, 4.4831746225117985, 29.272342681884766, 0.01716526563541943
350, 77, 437, 4.484931133423062, 28.597187042236328, 0.00761785341730229
395, 77, 437, 4.435065079472866, 28.140348434448242, 0.004083881425870166
440, 77, 437, 3.7512997799431074, 28.016761779785156, -0.001913763128808862
80, 77, 617, 4.55031832841871, 27.8873291015625, 0.017959095383712556
125, 77, 617, 4.427500185379595, 27.377931594848633, 0.023343051396183288
170, 77, 617, 4.34243191351718, 27.30858612060547, 0.004458888958069164
215, 77, 617, 4.453283898118823, 27.767501831054688, 0.014347326783224245
260, 77, 617, 4.37543371242213, 28.065322875976562, 0.020510119500996023
305, 77, 617, 4.444081907792031, 28.222274780273438, 0.009795061139051873
350, 77, 617, 4.462171848657064, 28.278276443481445, 0.012949479713319641
395, 77, 617, 4.503052535194394, 27.91124153137207, 0.001968512439958655
440, 77, 617, 3.7697060085939285, 27.973350524902344, -0.0009381734160734415
80, 77, 797, 4.479164810676761, 27.463054656982422, 0.009179768790369964
125, 77, 797, 4.2693574823136204, 27.432815551757812, 0.017591272613032904
170, 77, 797, 4.503865966321477, 27.562965393066406, 0.008930602163861667
215, 77, 797, 4.42129451264581, 27.624881744384766, 0.006106863969002522
260, 77, 797, 4.378287014971304, 28.057321548461914, 0.019032151034921348
305, 77, 797, 4.55349756184824, 27.53721809387207, 0.019209780682817017
350, 77, 797, 4.424834456598881, 27.127330780029297, 0.019828420762229473
395, 77, 797, 4.4804317416917465, 26.865766525268555, -0.003354570411567133
440, 77, 797, 3.6070484109138, 26.64746856689453, 0.007478817762770023
80, 77, 977, 4.499927075358284, 27.039146423339844, 0.008211712779089513
125, 77, 977, 4.483689709363207, 26.746604919433594, 0.027372394172394475
170, 77, 977, 4.55010391510247, 26.241985321044922, 0.03368667455005332
215, 77, 977, 4.466302514753638, 26.76922607421875, 0.028190182944172464
260, 77, 977, 4.2592359479155935, 27.39517593383789, 0.036400343765555926
305, 77, 977, 4.324633358439138, 26.66529083251953, 0.08966623642528801
350, 77, 977, 4.534470350559307, 26.174633026123047, 0.05812461447035259
395, 77, 977, 4.4234585744484365, 26.293272018432617, -0.0023940839513480923
440, 77, 977, 3.7512836528596156, 26.246135711669922, 0.00525960519002593
80, 77, 1157, 4.497323326619473, 26.734230041503906, 0.020933219009643456
125, 77, 1157, 4.353678532488295, 26.445842742919922, 0.022756627258820737
170, 77, 1157, 4.516432785631869, 26.12021255493164, 0.04436330443236552
215, 77, 1157, 4.34004518082334, 25.527992248535156, 0.07212577218735917
260, 77, 1157, 4.354514589017869, 24.929885864257812, 0.02262773863705365
305, 77, 1157, 4.216739912957946, 24.562116622924805, 0.050584631388988
350, 77, 1157, 4.214745834297507, 24.543636322021484, 0.0548887718867324
395, 77, 1157, 4.48395046348439, 24.969982147216797, -0.0010612528806700928
440, 77, 1157, 3.7725366174211135, 25.180984497070312, -0.0008292842637726968
80, 77, 1337, 4.52889484658438, 25.999649047851562, 0.03812567930989533
125, 77, 1337, 4.305722133612799, 26.660415649414062, 0.0341272568410129
170, 77, 1337, 4.406128850845873, 26.59328269958496, 0.036185486170029806
215, 77, 1337, 4.265911478347347, 26.5506591796875, 0.03230068574318067
260, 77, 1337, 4.3734074093172355, 26.544492721557617, 0.010620997820330413
305, 77, 1337, 4.3241747678233615, 26.288665771484375, 0.018606043849022588
350, 77, 1337, 4.306547648519151, 25.756935119628906, 0.030086933443388822
395, 77, 1337, 4.520337530500466, 25.819942474365234, -0.003964587407570197
440, 77, 1337, 3.7126773459384332, 25.743680953979492, -0.0030029452033181097
80, 77, 1517, 4.526288331040015, 25.44410514831543, 0.05749251424167348
125, 77, 1517, 4.613537812499547, 25.187606811523438, 0.0437985683987175
170, 77, 1517, 4.378358404265892, 25.415367126464844, 0.030324884032020688
215, 77, 1517, 4.422087112688266, 25.952552795410156, 0.035474343664845115
260, 77, 1517, 4.487753478883525, 26.264606475830078, 0.016745601578585685
305, 77, 1517, 4.532574192765828, 26.06073570251465, 0.01852638520209661
350, 77, 1517, 4.277469193804313, 26.36126708984375, 0.015073886428409
395, 77, 1517, 4.444669007414108, 26.439342498779297, -0.005391023453252915
440, 77, 1517, 3.7913835743143642, 26.473506927490234, 0.002332997813686771
80, 77, 1697, 4.232902818816982, 26.604656219482422, 0.10070006383177282
125, 77, 1697, 4.556257503714189, 26.220109939575195, 0.08212045309967449
170, 77, 1697, 4.635009578095123, 26.209182739257812, 0.07117186001606182
215, 77, 1697, 4.382164918195175, 27.141801834106445, 0.026745156258801913
260, 77, 1697, 4.428584156136609, 27.654552459716797, 0.03969352217183384
305, 77, 1697, 4.502853638774729, 28.357765197753906, 0.016767070192695056
350, 77, 1697, 4.528326028299791, 28.20893096923828, 0.011882289610393278
395, 77, 1697, 4.5049550053487994, 27.834938049316406, 0.0037126487001965603
440, 77, 1697, 3.823706452191458, 27.61870574951172, 0.01231005450153195
80, 77, 1877, 4.51180484122365, 25.873126983642578, 0.020704550330135917
125, 77, 1877, 4.285208465093062, 25.327829360961914, 0.03724939772917546
170, 77, 1877, 4.493561965263826, 24.420040130615234, 0.028525607351622715
215, 77, 1877, 4.517925682752689, 24.307706832885742, 0.00989775124179728
260, 77, 1877, 4.364840260867478, 24.467395782470703, 0.031436084491930284
305, 77, 1877, 4.562688249689062, 24.31670379638672, 0.033624303247841915
350, 77, 1877, 4.340567582802232, 24.386089324951172, 0.020505253304306782
395, 77, 1877, 4.517948498052209, 24.41863250732422, -0.0006156920405712784
440, 77, 1877, 3.725813952579515, 24.47701644897461, 0.003509542355469986
80, 257, 77, 4.584486900945977, 24.352031707763672, 0.006716742587342004
125, 257, 77, 4.5024804242334735, 23.45090675354004, 0.007687661500195113
170, 257, 77, 4.379691734667456, 23.1434326171875, 0.022714725734623416
215, 257, 77, 4.596832117767275, 23.22810935974121, 0.03483875674946398
260, 257, 77, 4.528848807194388, 23.339996337890625, 0.019541295237837278
305, 257, 77, 4.559957057559559, 23.852951049804688, 0.028125432691990065
350, 257, 77, 4.5030932566838455, 23.77685546875, 0.03890797895175924
395, 257, 77, 4.544200814143947, 24.7277774810791, 0.020555931971626303
440, 257, 77, 3.798175504086016, 24.957599639892578, 0.008500671700469444
80, 257, 257, 4.491806319740667, 28.29447364807129, 0.013424886460030448
125, 257, 257, 4.281731681981918, 28.3518123626709, 0.013266376768451429
170, 257, 257, 4.477155092216512, 28.04150390625, 0.01473601090454894
215, 257, 257, 4.309019263460109, 28.082847595214844, 0.007236180844683498
260, 257, 257, 4.27316016141653, 28.46818733215332, 0.021791435029205854
305, 257, 257, 4.46813098032458, 28.646896362304688, 0.017587514059382997
350, 257, 257, 4.443166120450288, 27.81741714477539, 0.012028573527479075
395, 257, 257, 4.509923777823406, 27.380355834960938, -0.00015649489284409612
440, 257, 257, 3.7858997879565326, 27.201292037963867, 0.0035465032252368855
80, 257, 437, 4.23010213024167, 27.586849212646484, 0.00708646531394376
125, 257, 437, 4.504872002885205, 27.046972274780273, 0.016439870388898353
170, 257, 437, 4.396944279026385, 26.65807342529297, 0.008663262684494882
215, 257, 437, 4.484529790772139, 26.344762802124023, 0.04138344852265496
260, 257, 437, 4.25200875580091, 26.790138244628906, 0.05591211761944931
305, 257, 437, 4.341311455729385, 27.64614486694336, 0.05595396710852911
350, 257, 437, 4.388896882565598, 27.7940673828125, 0.0030849363192527344
395, 257, 437, 4.457959954879817, 27.209932327270508, 0.004500505949758155
440, 257, 437, 3.7452682246946383, 27.11752700805664, 0.00385184000004035
80, 257, 617, 4.519197172548088, 27.91116714477539, 0.09670175396345006
125, 257, 617, 4.299744659656177, 28.341304779052734, 0.07609589481808769
170, 257, 617, 4.398846330120673, 29.077499389648438, 0.040921338257562744
215, 257, 617, 4.508565795214142, 29.272369384765625, 0.021587296455783857
260, 257, 617, 4.288009935657201, 29.174400329589844, 0.011097032234788638
305, 257, 617, 4.374497876162963, 28.040943145751953, 0.035237512257971865
350, 257, 617, 4.362653622648147, 28.1497802734375, 0.03528845291908953
395, 257, 617, 4.461574713288522, 27.861167907714844, -8.628780906616524e-05
440, 257, 617, 3.809455528753546, 27.6481990814209, 0.006975497198605279
80, 257, 797, 4.428208700522102, 26.99756622314453, 0.01451184611023764
125, 257, 797, 4.561578250241019, 26.304481506347656, 0.01691634861835246
170, 257, 797, 4.118491497868382, 26.252193450927734, 0.07254224699812004
215, 257, 797, 4.3613715679868665, 26.222612380981445, 0.026450256198788782
260, 257, 797, 4.374253974579113, 25.581832885742188, 0.03481588518606952
305, 257, 797, 4.422931110544881, 25.024742126464844, 0.026846050975663567
350, 257, 797, 4.318571779855727, 25.177751541137695, 0.042533281123224166
395, 257, 797, 4.557616999028985, 25.869203567504883, 0.0008121626557812708
440, 257, 797, 3.7327044547570822, 25.97262954711914, -0.003097441290163014
80, 257, 977, 4.587352295706298, 26.596725463867188, 0.012119263781343325
125, 257, 977, 4.524858810365438, 26.769012451171875, 0.015164117710634764
170, 257, 977, 4.558438498514574, 27.052793502807617, 0.008925672937373846
215, 257, 977, 4.528153828814368, 26.782562255859375, 0.07758441082362459
260, 257, 977, 4.410127923111779, 27.419620513916016, 0.06269604663575411
305, 257, 977, 4.311045106203331, 28.211307525634766, 0.011539231315169
350, 257, 977, 4.179033557895744, 27.440736770629883, 0.05896899059318484
395, 257, 977, 4.354262378080452, 26.896732330322266, 0.004886791804323385
440, 257, 977, 3.7208709396040582, 26.564441680908203, 0.0011715612004213273
80, 257, 1157, 4.300360370564585, 24.18685531616211, 0.09297120876365347
125, 257, 1157, 4.5003471709003495, 24.657203674316406, 0.08818607948714725
170, 257, 1157, 4.519947727660626, 25.057140350341797, 0.02676873677975799
215, 257, 1157, 4.393526208589324, 24.076187133789062, 0.10179448760182908
260, 257, 1157, 4.634680915195682, 24.691608428955078, 0.17174634363043667
305, 257, 1157, 4.449896145913547, 25.505176544189453, 0.03942658718140746
350, 257, 1157, 4.221624346110793, 25.018573760986328, 0.0346041675600362
395, 257, 1157, 4.406859159274853, 25.354286193847656, -0.0030994489190920094
440, 257, 1157, 3.717221566765725, 25.663387298583984, 0.011507112062370125
80, 257, 1337, 4.511689539358609, 25.39462661743164, 0.028644036212166945
125, 257, 1337, 4.408607437869401, 26.0430908203125, 0.031002733237057167
170, 257, 1337, 4.442288391580029, 26.251710891723633, 0.03293884068704189
215, 257, 1337, 4.496585547855408, 26.281471252441406, 0.013680427886739288
260, 257, 1337, 4.439655358173748, 27.010690689086914, 0.008112108163153569
305, 257, 1337, 4.486211461270942, 26.556562423706055, 0.011940140368793284
350, 257, 1337, 4.3991090617564454, 26.535419464111328, 0.032873695231638154
395, 257, 1337, 4.462935133380558, 26.42052459716797, 0.0029062463122778073
440, 257, 1337, 3.7341904557859484, 26.449155807495117, 0.009470688922412566
80, 257, 1517, 4.459808480217472, 27.806129455566406, 0.008971603799898899
125, 257, 1517, 4.342276322581641, 27.901519775390625, 0.01965403674208933
170, 257, 1517, 4.394198943819026, 27.695024490356445, 0.01480564373096099
215, 257, 1517, 4.3529039621112435, 27.026878356933594, 0.010841907980271683
260, 257, 1517, 4.22097030433763, 26.596446990966797, 0.018243611865805382
305, 257, 1517, 4.291376745827458, 26.560117721557617, 0.031505145046616986
350, 257, 1517, 4.52019840201615, 26.39931869506836, 0.018803905381962673
395, 257, 1517, 4.494507884078499, 26.743080139160156, -0.002794991609497182
440, 257, 1517, 3.7578122777117495, 26.765029907226562, 0.005647349373901573
80, 257, 1697, 4.187589735655847, 28.11680793762207, 0.015402113983066843
125, 257, 1697, 4.433584378663128, 28.39325523376465, 0.019540184496141873
170, 257, 1697, 4.329958964630604, 28.241363525390625, 0.010025172112500667
215, 257, 1697, 4.49721382782423, 27.753374099731445, 0.016100377272673543
260, 257, 1697, 4.356591406334257, 27.467472076416016, 0.047031415022025694
305, 257, 1697, 4.40030594566741, 28.053451538085938, 0.016518775485825418
350, 257, 1697, 4.491258569513407, 27.887020111083984, 0.020119699923657332
395, 257, 1697, 4.422137223158248, 27.931549072265625, 0.003157301671114704
440, 257, 1697, 3.7760903732708857, 27.811504364013672, -0.0034262912100576463
80, 257, 1877, 4.5650679745566, 23.917991638183594, 0.029937742033269214
125, 257, 1877, 4.519955143691122, 23.56680679321289, 0.0356862272086543
170, 257, 1877, 4.388372964945624, 23.95423126220703, 0.027716510183041974
215, 257, 1877, 4.546302410024872, 23.821508407592773, 0.03935406615043348
260, 257, 1877, 4.3486448198301915, 24.039081573486328, 0.05747245372041166
305, 257, 1877, 4.548949038891179, 24.583202362060547, 0.027334491184114542
350, 257, 1877, 4.463168472792847, 25.082008361816406, 0.03366505427461576
395, 257, 1877, 4.576800808826287, 24.873462677001953, 0.005675545388852603
440, 257, 1877, 3.8162497752437514, 24.849048614501953, 0.002362172157383815
80, 437, 77, 4.527755117520441, 23.94623565673828, 0.015344714974915815
125, 437, 77, 4.299675186084466, 23.81581687927246, 0.036032649199950736
170, 437, 77, 4.402867368591147, 23.741012573242188, 0.023922370016498055
215, 437, 77, 4.329956785036501, 23.88359260559082, 0.026986630251501546
260, 437, 77, 4.448056881197487, 24.008840560913086, 0.017610589504167915
305, 437, 77, 4.504529626877034, 24.270809173583984, 0.012292582584774833
350, 437, 77, 4.3652572023253455, 24.724647521972656, 0.02167827084940767
395, 437, 77, 4.4876480218143, 25.04941177368164, -0.00048549600764019314
440, 437, 77, 3.7369841420859533, 25.124164581298828, -0.006959976444515057
80, 437, 257, 4.546473646621755, 24.297245025634766, 0.024373327056529358
125, 437, 257, 4.510088498131917, 23.73562240600586, 0.011018466041190203
170, 437, 257, 4.498903185400124, 23.634719848632812, 0.02337533318211149
215, 437, 257, 4.548178286312779, 23.782760620117188, 0.02980355098358207
260, 437, 257, 4.503369065287571, 24.56572723388672, 0.039159227232037144
305, 437, 257, 4.507173169262295, 24.766864776611328, 0.009966442721200374
350, 437, 257, 4.342721874783261, 24.817359924316406, 0.03563766357860915
395, 437, 257, 4.491513659207873, 25.06804084777832, 0.002979904474785855
440, 437, 257, 3.7598382051264347, 25.38707733154297, -0.011152426502451677
80, 437, 437, 4.411214390764127, 24.68421173095703, 0.023683331888656525
125, 437, 437, 4.3547656466784925, 24.899250030517578, 0.0553450128716085
170, 437, 437, 4.356019545017383, 25.3442440032959, 0.021889238020658626
215, 437, 437, 4.512852029309545, 25.260042190551758, 0.0049804995931081964
260, 437, 437, 4.544390863338238, 25.064220428466797, 0.019287193561328464
305, 437, 437, 4.218215713533565, 24.98829460144043, 0.06687509003418263
350, 437, 437, 4.487137192872085, 24.9683895111084, 0.045964540829574733
395, 437, 437, 4.535492329804648, 25.43960189819336, -0.006977667393866302
440, 437, 437, 3.767228404885436, 25.64128875732422, 0.009378937933441482
80, 437, 617, 4.490279441808925, 27.4733829498291, 0.02074005966531134
125, 437, 617, 4.490981416954305, 26.910503387451172, 0.03323190488599202
170, 437, 617, 4.406400750302652, 26.78053092956543, 0.03485962095372448
215, 437, 617, 4.331942804331329, 27.198028564453125, 0.03219894473851729
260, 437, 617, 4.47117373864819, 27.62847137451172, 0.02699466889960353
305, 437, 617, 4.297271641803572, 27.75016975402832, 0.02730234080008113
350, 437, 617, 4.422025575029722, 26.91791534423828, 0.013601428297256597
395, 437, 617, 4.504496029416705, 26.86722183227539, -0.0011538197332725195
440, 437, 617, 3.8030204858690793, 26.910804748535156, -0.007375360849807611
80, 437, 797, 4.375940050258591, 24.875696182250977, 0.08967386200814483
125, 437, 797, 4.547046956300902, 25.50197410583496, 0.09700046712758846
170, 437, 797, 4.496300645369568, 26.13488006591797, 0.06797230152070362
215, 437, 797, 4.492909306055177, 26.145549774169922, 0.08164067426830092
260, 437, 797, 4.25582581963767, 26.379112243652344, 0.03605584632302324
305, 437, 797, 4.371182929728952, 26.744705200195312, 0.02988685853608598
350, 437, 797, 4.265501743539591, 26.506290435791016, 0.027333963415921474
395, 437, 797, 4.497486551172343, 26.587709426879883, 0.006637354421312902
440, 437, 797, 3.791816953774484, 26.57156753540039, -0.005189565927235932
80, 437, 977, 4.483737623060894, 27.17445182800293, 0.036154348464562794
125, 437, 977, 4.512937938427961, 26.089384078979492, 0.06339770391105767
170, 437, 977, 4.508913807568526, 26.142698287963867, 0.03172469824478486
215, 437, 977, 4.536980261047459, 26.509370803833008, 0.06918039753168435
260, 437, 977, 4.2499466812823785, 26.254150390625, 0.05959024429437799
305, 437, 977, 4.429129753626968, 25.757217407226562, 0.027839458774942507
350, 437, 977, 4.526722064008998, 25.632572174072266, 0.052844561370889394
395, 437, 977, 4.240542980230522, 26.410152435302734, 0.0039904397796822364
440, 437, 977, 3.8535305871780148, 26.387372970581055, -0.0047650093039173355
80, 437, 1157, 4.490294460366662, 28.33216094970703, 0.014711421584934326
125, 437, 1157, 4.263068916717712, 27.46919822692871, 0.02973077492401131
170, 437, 1157, 4.344552618004454, 26.51715660095215, 0.04121893603636283
215, 437, 1157, 4.4634288881145485, 25.672698974609375, 0.04626041122752064
260, 437, 1157, 4.4576373062550525, 25.423507690429688, 0.11342046359997847
305, 437, 1157, 4.5115136570075824, 25.629573822021484, 0.062302517119925085
350, 437, 1157, 4.540713452190646, 25.94009017944336, 0.02298617662957449
395, 437, 1157, 4.278040595420593, 26.54155731201172, 0.0028965911740537298
440, 437, 1157, 3.7477490928671697, 26.706470489501953, 0.001838632829140641
80, 437, 1337, 4.567296219386908, 25.967666625976562, 0.06232704075623667
125, 437, 1337, 4.28491821291214, 25.280906677246094, 0.0720573288169977
170, 437, 1337, 4.586432565725149, 25.728710174560547, 0.07067109540161591
215, 437, 1337, 4.3090305121052985, 25.98690414428711, 0.02602603982905637
260, 437, 1337, 4.530485314235141, 27.105518341064453, 0.016390883874708457
305, 437, 1337, 4.571353697389822, 26.88420867919922, 0.03714227789448408
350, 437, 1337, 4.498099613862111, 26.28095054626465, 0.054924823762991605
395, 437, 1337, 4.486149201740408, 26.602188110351562, 0.0013447964815942325
440, 437, 1337, 3.7673754506982076, 26.70604705810547, -0.0012657996321719738
80, 437, 1517, 4.4348463691849975, 28.78404998779297, 0.026283192664242644
125, 437, 1517, 4.479879715028263, 28.48456573486328, 0.019217181798676538
170, 437, 1517, 4.369496688000162, 27.417625427246094, 0.059197625839808976
215, 437, 1517, 4.428573379140012, 26.829822540283203, 0.057013251857249564
260, 437, 1517, 4.553033287393899, 26.508075714111328, 0.06236720199961687
305, 437, 1517, 4.0503571707650625, 26.468425750732422, 0.04785066949804884
350, 437, 1517, 4.287065065745203, 26.9417667388916, 0.03730924525206613
395, 437, 1517, 4.298959195736203, 27.422855377197266, -0.0010927079530142674
440, 437, 1517, 3.782873867451748, 27.32171630859375, -0.005455087013876409
80, 437, 1697, 4.45820492016197, 29.095365524291992, 0.013246982282186261
125, 437, 1697, 4.388273490644895, 29.195953369140625, 0.014154196387257421
170, 437, 1697, 4.455989498075082, 28.72750473022461, 0.012675205443848443
215, 437, 1697, 4.459178380292805, 28.267547607421875, 0.02201729794561138
260, 437, 1697, 4.363462083137893, 28.808908462524414, 0.022117214062433728
305, 437, 1697, 4.423300566624723, 29.25786590576172, 0.03610671044252032
350, 437, 1697, 4.420558466488909, 28.86158561706543, 0.031085015507436857
395, 437, 1697, 4.377565156514256, 28.278995513916016, -0.006775149320056979
440, 437, 1697, 3.762817003276358, 28.130475997924805, 0.013147854373624653
80, 437, 1877, 4.511568700119218, 26.464466094970703, 0.06512500005870689
125, 437, 1877, 4.3300844331390955, 25.886199951171875, 0.058966240737012836
170, 437, 1877, 4.443659089070959, 25.966440200805664, 0.03181539606634719
215, 437, 1877, 4.52308425669958, 26.046186447143555, 0.02863721898047158
260, 437, 1877, 4.268160566999715, 25.761821746826172, 0.03674021518107119
305, 437, 1877, 4.426855311134262, 25.959163665771484, 0.05012957851114948
350, 437, 1877, 4.361360595140126, 25.95072364807129, 0.0181174916165028
395, 437, 1877, 4.474078786332116, 25.918590545654297, -0.0008659017075059247
440, 437, 1877, 3.7866204975020508, 25.87622833251953, -0.006559349029827631
80, 617, 77, 4.19584012430455, 27.718585968017578, 0.009507857994437135
125, 617, 77, 4.275725378801431, 27.85659408569336, 0.01289653381375536
170, 617, 77, 4.521990505509002, 26.63839340209961, 0.031118327896545686
215, 617, 77, 4.488446181054277, 26.67340850830078, 0.023357020001137034
260, 617, 77, 4.454048166852204, 27.109107971191406, 0.02039040044298192
305, 617, 77, 4.388385704124654, 27.13410186767578, 0.02408526959885901
350, 617, 77, 4.19684524302637, 27.04229736328125, 0.03015726402918208
395, 617, 77, 4.435436499870366, 26.429306030273438, 0.0010786364664879477
440, 617, 77, 3.736929948795258, 26.30866050720215, -0.011995820306469585
80, 617, 257, 4.390588687857256, 25.918678283691406, 0.02006681915921986
125, 617, 257, 4.384390493407955, 25.757984161376953, 0.024056656016276535
170, 617, 257, 4.352134709777167, 25.15605926513672, 0.05675053787143973
215, 617, 257, 4.510075118966233, 25.356761932373047, 0.041115292111411544
260, 617, 257, 4.387773408202445, 25.279199600219727, 0.029917761007870008
305, 617, 257, 4.550008446747197, 25.28641700744629, 0.06056390022272179
350, 617, 257, 4.182124640293624, 25.38388442993164, 0.05294668384559236
395, 617, 257, 4.520185263199527, 26.1080322265625, 0.002993779116736952
440, 617, 257, 3.758072191243844, 26.158796310424805, -0.004655329285561301
80, 617, 437, 4.397498224821076, 25.5635986328125, 0.043940607080889454
125, 617, 437, 4.39780311743302, 25.56201171875, 0.032057452908945606
170, 617, 437, 4.535339869799868, 25.609621047973633, 0.05343983082088101
215, 617, 437, 4.4911775741218385, 25.721466064453125, 0.0864650807131229
260, 617, 437, 4.294921270408084, 25.60346221923828, 0.07488488790457282
305, 617, 437, 4.553790991322743, 26.026702880859375, 0.03439751513546997
350, 617, 437, 4.262088604727412, 27.01410675048828, 0.019838704316672433
395, 617, 437, 4.408409775378377, 26.979341506958008, 0.00229372884626873
440, 617, 437, 3.756297581823423, 26.79193687438965, -0.001767078069768312
80, 617, 617, 4.245806935851451, 27.21991729736328, 0.023178958406439062
125, 617, 617, 4.165908429097524, 27.120519638061523, 0.03376592483226555
170, 617, 617, 4.472148382900582, 27.12554168701172, 0.01843700338144933
215, 617, 617, 4.536400162448686, 27.332950592041016, 0.010410554636080068
260, 617, 617, 4.494621929105011, 27.85141944885254, 0.008583657145599232
305, 617, 617, 4.428785910627397, 27.328392028808594, 0.021510287487419937
350, 617, 617, 4.316007166219696, 27.4454345703125, 0.03220477722455578
395, 617, 617, 4.486412688280021, 27.563020706176758, -0.0007070880002591699
440, 617, 617, 3.7770111746311152, 27.433231353759766, -0.003600919284367682
80, 617, 797, 4.484065779861219, 26.655691146850586, 0.030992342936810812
125, 617, 797, 4.476042082513444, 26.96319580078125, 0.0378459805277123
170, 617, 797, 4.227717866541162, 27.511146545410156, 0.04226133684267262
215, 617, 797, 4.313343061002668, 27.766334533691406, 0.007211673514183719
260, 617, 797, 4.462179499768556, 27.295772552490234, 0.03769669262705407
305, 617, 797, 4.34069466174454, 26.524742126464844, 0.03298007986292559
350, 617, 797, 4.48679598960902, 26.534320831298828, 0.02474037735529221
395, 617, 797, 4.397193372723818, 26.68768310546875, -0.0003440359403947908
440, 617, 797, 3.7417917822697335, 26.778423309326172, 0.009603889571166698
80, 617, 977, 4.462011986369804, 27.463748931884766, 0.01188583519955171
125, 617, 977, 4.382009996521463, 27.58370590209961, 0.023957507583832544
170, 617, 977, 4.5560418899940665, 28.04368782043457, 0.003095812108213406
215, 617, 977, 4.517516859468124, 28.12176513671875, 0.007816236233563922
260, 617, 977, 4.347875303670607, 28.140621185302734, 0.010954784469251857
305, 617, 977, 4.508305989939054, 28.753826141357422, 0.003718812631902577
350, 617, 977, 4.4479144209056365, 27.974578857421875, 0.015228393859709524
395, 617, 977, 4.42963321178848, 27.125652313232422, 0.003903925744188193
440, 617, 977, 3.730209451422536, 26.85285186767578, 0.013917284931719013
80, 617, 1157, 4.392045707419227, 28.490623474121094, 0.11238631679663075
125, 617, 1157, 4.367714603847407, 28.202465057373047, 0.04214756220749025
170, 617, 1157, 4.367210202548833, 26.886831283569336, 0.06323241666657597
215, 617, 1157, 4.381780680392145, 27.07032012939453, 0.05220809011823376
260, 617, 1157, 4.463660140033416, 27.910888671875, 0.06436836308259335
305, 617, 1157, 4.501617108001947, 28.41887664794922, 0.05940521247996812
350, 617, 1157, 4.446208534888053, 28.445280075073242, 0.03344502552790343
395, 617, 1157, 4.518599751502435, 27.87746810913086, -0.007615330107548975
440, 617, 1157, 3.755279235511544, 27.6721248626709, -0.005094968609839729
80, 617, 1337, 4.499040979779553, 25.773447036743164, 0.09733446466647824
125, 617, 1337, 4.24732706227763, 26.188060760498047, 0.10357433963962899
170, 617, 1337, 4.211516363894992, 27.129165649414062, 0.08739604812305221
215, 617, 1337, 4.406171109729879, 27.6826229095459, 0.05755819548480065
260, 617, 1337, 4.527784518882227, 26.41036605834961, 0.11551849720876568
305, 617, 1337, 4.139026175033736, 26.552078247070312, 0.04966198066529471
350, 617, 1337, 4.411531757452399, 26.369548797607422, 0.025332226230479673
395, 617, 1337, 4.515622003910854, 26.708383560180664, 0.0016020394320945188
440, 617, 1337, 3.825164707667335, 26.795961380004883, -0.005413953600776579
80, 617, 1517, 4.396737947006843, 26.810951232910156, 0.05802467530448861
125, 617, 1517, 4.408791112246533, 27.7895450592041, 0.052677799281207055
170, 617, 1517, 4.500688873496253, 26.883609771728516, 0.06144999601241926
215, 617, 1517, 4.542487666272434, 27.336658477783203, 0.02139370642253661
260, 617, 1517, 4.489402070898614, 27.53091812133789, 0.01260083307673285
305, 617, 1517, 4.542126266280603, 27.936660766601562, 0.010876981082666028
350, 617, 1517, 4.531493443016486, 27.85427474975586, 0.018478663089288302
395, 617, 1517, 4.440853542515706, 27.6273136138916, 0.0031464269727850156
440, 617, 1517, 3.7614105732414713, 27.686447143554688, 0.0007209679810213651
80, 617, 1697, 4.3982372673183034, 29.65038299560547, 0.009548776984485342
125, 617, 1697, 4.239037390230997, 29.55213737487793, 0.0007303774039894437
170, 617, 1697, 4.545119854089592, 29.34239959716797, 0.00986468322834731
215, 617, 1697, 4.493388638707009, 29.141368865966797, 0.014191263714051723
260, 617, 1697, 4.531328657114095, 28.708587646484375, 0.012363332965896657
305, 617, 1697, 4.332904259400272, 28.512996673583984, 0.010400687291779454
350, 617, 1697, 4.272148916295327, 28.2639217376709, 0.018987293479078193
395, 617, 1697, 4.3834965563405515, 27.923736572265625, -0.0028489046855741072
440, 617, 1697, 3.7010538047556985, 27.77306365966797, 0.007463162501918714
80, 617, 1877, 4.523616412864811, 26.199520111083984, 0.027637575783539762
125, 617, 1877, 3.9965551324411384, 26.28209686279297, 0.062213178561965114
170, 617, 1877, 4.529262085444646, 26.360652923583984, 0.04084926295626882
215, 617, 1877, 4.44054845858246, 27.020435333251953, 0.009896467328500368
260, 617, 1877, 4.424331468325498, 26.873779296875, 0.04185448574527107
305, 617, 1877, 4.4749249249051735, 25.78672218322754, 0.056956471522311085
350, 617, 1877, 4.237515431435557, 25.494720458984375, 0.05529526472925777
395, 617, 1877, 4.418194145541856, 26.340238571166992, -0.0032122088959014097
440, 617, 1877, 3.771353766191942, 26.589744567871094, -0.007030496690052802
80, 797, 77, 4.298144577953975, 26.344228744506836, 0.011369441740776148
125, 797, 77, 4.4342925943586575, 25.923316955566406, 0.045723233275757065
170, 797, 77, 4.540783113312159, 25.251781463623047, 0.06552110986830116
215, 797, 77, 4.2566707178716685, 25.298168182373047, 0.053559586391479064
260, 797, 77, 4.486480634053279, 25.75470733642578, 0.049463866238690896
305, 797, 77, 4.342859099411734, 25.703678131103516, 0.028942814878250855
350, 797, 77, 4.49125097217327, 25.345932006835938, 0.042843863708315076
395, 797, 77, 4.3437884192355005, 25.25825309753418, 0.005251268452417775
440, 797, 77, 3.735501556794478, 25.284622192382812, 0.0022311710401361146
80, 797, 257, 4.451353224367441, 27.25354766845703, 0.021547626621796753
125, 797, 257, 4.3557372351388794, 27.348941802978516, 0.022007203619303084
170, 797, 257, 4.348775459703812, 27.131744384765625, 0.023423124047669712
215, 797, 257, 4.512555862163204, 27.005516052246094, 0.05837987410547223
260, 797, 257, 4.442663422070119, 27.292850494384766, 0.03456395082402985
305, 797, 257, 4.3294078471375235, 26.642526626586914, 0.05090469110191963
350, 797, 257, 4.42710911094908, 26.78021240234375, 0.04048528014347014
395, 797, 257, 4.435421869228866, 26.413850784301758, 0.005664419954142697
440, 797, 257, 3.755464991685625, 26.30834197998047, 0.0014946602996587415
80, 797, 437, 4.557868487766905, 26.442861557006836, 0.01193099536920321
125, 797, 437, 4.442308237202653, 26.550281524658203, 0.0451678789054506
170, 797, 437, 4.430025808646804, 26.57209014892578, 0.05710862037484369
215, 797, 437, 4.641062960156903, 26.366355895996094, 0.027461340396187268
260, 797, 437, 4.565060756171117, 26.800195693969727, 0.04569298230300147
305, 797, 437, 4.3801547144316535, 26.972003936767578, 0.00609282405049597
350, 797, 437, 4.491220074895071, 27.87481689453125, 0.0026881772073415753
395, 797, 437, 4.431683027939323, 27.189016342163086, -0.01057400082927644
440, 797, 437, 3.7698312588582588, 26.838890075683594, -0.012308920661855294
80, 797, 617, 4.535733797343904, 25.985286712646484, 0.03992857854475787
125, 797, 617, 4.297627971630957, 26.348596572875977, 0.06374957867014837
170, 797, 617, 4.410063854485728, 26.098390579223633, 0.016389281210066473
215, 797, 617, 4.4583599603507835, 25.875865936279297, 0.035751212777179006
260, 797, 617, 4.486867591665087, 25.763139724731445, 0.02968205798347918
305, 797, 617, 4.4704340844232835, 25.263286590576172, 0.06277788524215165
350, 797, 617, 4.514902450489731, 25.737998962402344, 0.04385123674568139
395, 797, 617, 4.4487625823714465, 26.349655151367188, -0.005251229986665951
440, 797, 617, 3.6895196606356886, 26.47337532043457, -0.008075426772740618
80, 797, 797, 4.349323649762548, 25.84975814819336, 0.03356704714995291
125, 797, 797, 4.3765055772136705, 26.027244567871094, 0.026871513106094
170, 797, 797, 4.439302950373375, 26.722610473632812, 0.010564415825153405
215, 797, 797, 4.4189690174789344, 26.847009658813477, 0.022981067306707403
260, 797, 797, 4.479153816404453, 26.70354461669922, 0.03377395375748032
305, 797, 797, 4.3601332698820645, 26.535194396972656, 0.04539654001600523
350, 797, 797, 4.255352781594668, 26.243913650512695, 0.056605214911926126
395, 797, 797, 4.481259888165148, 26.14079475402832, 0.003900504055201574
440, 797, 797, 3.780312726853573, 26.13185691833496, -0.014479708241682617
80, 797, 977, 4.467362434203491, 26.105621337890625, 0.029054463305023967
125, 797, 977, 4.456828982813113, 24.8496150970459, 0.027554264613648308
170, 797, 977, 4.516859375629168, 24.8255558013916, 0.023832870158514007
215, 797, 977, 4.448528997985978, 24.83900260925293, 0.009981225237551355
260, 797, 977, 4.574095480396316, 24.68146514892578, 0.013073705222772812
305, 797, 977, 4.508955106081527, 24.502418518066406, 0.022051607062308465
350, 797, 977, 4.26856531936127, 24.642322540283203, 0.05378711702028346
395, 797, 977, 4.576415078324934, 24.779775619506836, -0.0044777450389563095
440, 797, 977, 3.766554569100068, 24.898616790771484, 0.00016569256918833497
80, 797, 1157, 4.4849284224428, 27.920228958129883, 0.04861511906032609
125, 797, 1157, 4.4172021127465495, 28.059432983398438, 0.05487744947804936
170, 797, 1157, 4.486731620617196, 28.03551483154297, 0.007253937859868016
215, 797, 1157, 4.418534617361857, 28.492074966430664, 0.022194730136879712
260, 797, 1157, 4.445287052381562, 27.625442504882812, 0.027122861965552105
305, 797, 1157, 4.547493272466421, 27.93435287475586, 0.060226869779822736
350, 797, 1157, 4.499008029259648, 28.206283569335938, 0.03527676394667292
395, 797, 1157, 4.412242018405946, 27.710826873779297, 0.005435816961961829
440, 797, 1157, 3.7531820509953273, 27.69040298461914, -0.00051472902730738
80, 797, 1337, 4.43701257145303, 27.725595474243164, 0.03833320752434459
125, 797, 1337, 4.320912018353275, 28.12984848022461, 0.01964425630314014
170, 797, 1337, 4.483747166052903, 27.634170532226562, 0.015042336159127631
215, 797, 1337, 4.5942998252594895, 27.295785903930664, 0.08482453527717675
260, 797, 1337, 4.532151497758528, 27.02387237548828, 0.07973627824489533
305, 797, 1337, 4.360142765771682, 26.81063461303711, 0.05589595647815287
350, 797, 1337, 4.560076779996433, 27.40465545654297, 0.0024844805091299702
395, 797, 1337, 4.450771322394832, 27.795269012451172, 0.0018830825467690381
440, 797, 1337, 3.736372034339703, 27.906028747558594, 0.00767230202140953
80, 797, 1517, 4.423411984766799, 28.368385314941406, 0.014836176910102838
125, 797, 1517, 4.606422553212007, 27.932783126831055, 0.04372962046388645
170, 797, 1517, 4.531693698585358, 28.000503540039062, 0.019278279977163765
215, 797, 1517, 4.397430036736638, 28.085960388183594, 0.011113418133528183
260, 797, 1517, 4.3370067291736, 28.198322296142578, 0.018183464342222504
305, 797, 1517, 4.349646142121404, 28.05825424194336, 0.014018554653812743
350, 797, 1517, 4.549076118924042, 27.150169372558594, 0.023557705388212155
395, 797, 1517, 4.526793644253795, 27.241668701171875, -0.005250101417658011
440, 797, 1517, 3.7771636759346654, 27.39382553100586, -0.007242897088472654
80, 797, 1697, 4.51737750687983, 27.39289093017578, 0.005750477007691861
125, 797, 1697, 4.4237649500569, 27.040855407714844, 0.014651735394982074
170, 797, 1697, 4.33940246963967, 26.917377471923828, 0.015856177034602768
215, 797, 1697, 4.520241986854774, 25.980255126953125, 0.024468565949697933
260, 797, 1697, 4.557814736180452, 25.58688735961914, 0.03620961031864328
305, 797, 1697, 4.538579372875559, 25.57590103149414, 0.07615927462966988
350, 797, 1697, 4.525247893817888, 26.252195358276367, 0.022912027667627132
395, 797, 1697, 4.47216631355087, 26.253887176513672, 0.002372845262077747
440, 797, 1697, 3.752225286920491, 26.467971801757812, 0.006307647969835452
80, 797, 1877, 4.198186811981497, 24.95699691772461, 0.029920045867077208
125, 797, 1877, 4.433318887635608, 24.858898162841797, 0.02010864457345658
170, 797, 1877, 4.5338641727925655, 25.270307540893555, 0.0311995792536847
215, 797, 1877, 4.396036003243397, 25.42806625366211, 0.01687885802032478
260, 797, 1877, 4.4229643264777785, 25.5280704498291, 0.01622299035344851
305, 797, 1877, 4.422296247143515, 25.999542236328125, 0.009460055300817718
350, 797, 1877, 4.529396162260644, 26.361970901489258, 0.004402879070779194
395, 797, 1877, 4.510805892738256, 26.497711181640625, -0.00257398949572039
440, 797, 1877, 3.7362200219034127, 26.67690658569336, -0.00906059113357997
80, 977, 77, 4.436993251297814, 25.5371150970459, 0.01228902631891845
125, 977, 77, 4.388210380960388, 25.662939071655273, 0.021840314378954836
170, 977, 77, 4.475057083393783, 25.18436050415039, 0.056835168063901216
215, 977, 77, 4.3982123224444205, 25.698312759399414, 0.050997641353251716
260, 977, 77, 4.401031248025946, 26.422468185424805, 0.00997844576757641
305, 977, 77, 4.175355946406752, 26.203182220458984, 0.014824179248766074
350, 977, 77, 4.56979703711774, 25.70913314819336, 0.010365420841610368
395, 977, 77, 4.4853566059208205, 25.5736026763916, 0.0015131681943683084
440, 977, 77, 3.77210684332902, 25.74126434326172, 0.005368248340399594
80, 977, 257, 4.575679456510328, 25.94124984741211, 0.08241117572640475
125, 977, 257, 4.445047690832306, 25.970293045043945, 0.048971622923342194
170, 977, 257, 4.373254190177318, 25.560302734375, 0.04589472045392533
215, 977, 257, 4.519097837206589, 26.379589080810547, 0.02050598707647367
260, 977, 257, 4.4362085198508225, 26.820425033569336, 0.02626440544895619
305, 977, 257, 4.365368903377499, 26.139253616333008, 0.06871921739229972
350, 977, 257, 4.471731369211316, 26.136825561523438, 0.028492584901997263
395, 977, 257, 4.362766505843464, 26.54315185546875, 0.00467377211264725
440, 977, 257, 3.729845435845672, 26.58313751220703, -0.008306492517438617
80, 977, 437, 4.338552050913985, 27.727622985839844, 0.018264577262809105
125, 977, 437, 4.4880514134664535, 27.01941680908203, 0.03660567754015922
170, 977, 437, 4.46512385232363, 27.43813705444336, 0.08176189120249543
215, 977, 437, 4.533045570034134, 27.206790924072266, 0.07066580752804559
260, 977, 437, 4.525475461810222, 26.04818344116211, 0.05098797079320997
305, 977, 437, 4.262789264339361, 25.80618667602539, 0.041508507032392436
350, 977, 437, 4.453164026578423, 26.414710998535156, 0.15245394822777486
395, 977, 437, 4.444682973076601, 26.529951095581055, 0.0033436136741361116
440, 977, 437, 3.7064859968007826, 26.532089233398438, 0.004667810746739193
80, 977, 617, 4.407215075294603, 26.729049682617188, 0.016202880118920834
125, 977, 617, 4.380528670972833, 26.460174560546875, 0.0254679378182169
170, 977, 617, 4.51218929479659, 26.842172622680664, 0.02281444014180082
215, 977, 617, 4.525975645421318, 27.213960647583008, 0.03914562154907006
260, 977, 617, 4.489765685641534, 26.482664108276367, 0.08562445771244212
305, 977, 617, 4.176866965686492, 25.903114318847656, 0.10914341494301122
350, 977, 617, 4.329777740091703, 26.079553604125977, 0.06268603600350778
395, 977, 617, 4.48186205297808, 26.307483673095703, 0.005806230155716075
440, 977, 617, 3.676145880160484, 26.290218353271484, 0.022070568136407037
80, 977, 797, 4.322530470806133, 26.238107681274414, 0.023711682835013174
125, 977, 797, 4.41451577922136, 25.58047866821289, 0.020257350739942524
170, 977, 797, 4.571064712484452, 26.08644676208496, 0.018083841678764794
215, 977, 797, 4.468684873247255, 26.008222579956055, 0.04199742678978891
260, 977, 797, 4.488270961542556, 26.526601791381836, 0.046540776941176525
305, 977, 797, 4.485916301351984, 26.731054306030273, 0.032722873710853875
350, 977, 797, 4.433076451563888, 26.543548583984375, 0.022956376662755223
395, 977, 797, 4.593301608648777, 26.46184539794922, 0.0006246546377695516
440, 977, 797, 3.7870880823807864, 26.456335067749023, -0.0008987751809880052
80, 977, 977, 4.4214315688456125, 28.244285583496094, 0.019748538502970956
125, 977, 977, 4.422150459426041, 29.029409408569336, 0.011109496457179964
170, 977, 977, 4.543657295034787, 29.123920440673828, 0.019788976420324306
215, 977, 977, 4.3798323609084875, 29.212688446044922, 0.017157811176674514
260, 977, 977, 4.38193576694087, 29.241134643554688, 0.017975003259253088
305, 977, 977, 4.404910890315407, 28.41358184814453, 0.06468808144267107
350, 977, 977, 4.361260990642942, 27.2707462310791, 0.06485105439262298
395, 977, 977, 4.507377608765566, 26.93848991394043, 0.005774063139925638
440, 977, 977, 3.700767355835498, 26.777694702148438, -0.002022858050839847
80, 977, 1157, 4.362170072569913, 29.702098846435547, 0.03397661162205591
125, 977, 1157, 4.363961764660597, 30.198394775390625, 0.020537944490635156
170, 977, 1157, 4.377472210140889, 30.227779388427734, 0.016668683714517837
215, 977, 1157, 4.246724657599273, 30.173709869384766, 0.009427661189161413
260, 977, 1157, 4.436101854779364, 30.416818618774414, 0.011893361422029722
305, 977, 1157, 4.535222860693748, 30.35535430908203, 0.0119706328635604
350, 977, 1157, 4.581204892114396, 29.92152976989746, -0.0019715675403968644
395, 977, 1157, 4.429471091623886, 29.49026107788086, 0.00553039275651658
440, 977, 1157, 3.769504000808506, 29.399507522583008, 0.010839928130462811
80, 977, 1337, 4.507116499893517, 28.996604919433594, 0.03463005581502579
125, 977, 1337, 4.328165130981594, 29.162715911865234, 0.02562199110330575
170, 977, 1337, 4.191370998530384, 29.453689575195312, 0.036255707908335655
215, 977, 1337, 4.313313351583211, 29.693737030029297, 0.013277109142099883
260, 977, 1337, 4.590019341630035, 29.172603607177734, 0.005342091670838076
305, 977, 1337, 4.522474658484014, 28.94154167175293, 0.014884521153961128
350, 977, 1337, 4.503680801400967, 28.88947868347168, 0.007347265158852016
395, 977, 1337, 4.559344084170046, 28.626052856445312, -0.006538425137321066
440, 977, 1337, 3.6585266087120214, 28.51223373413086, -0.0023056449924356627
80, 977, 1517, 4.278330394044833, 26.449195861816406, 0.07732061452902272
125, 977, 1517, 4.250256831554599, 26.272411346435547, 0.060522024570686825
170, 977, 1517, 4.444308470677864, 26.753860473632812, 0.07724948870941094
215, 977, 1517, 4.512322975334738, 26.51494598388672, 0.06366662870777878
260, 977, 1517, 4.576448723683646, 26.352447509765625, 0.053455652480902754
305, 977, 1517, 4.241360806571622, 26.07306671142578, 0.08273077069801264
350, 977, 1517, 4.499620257759993, 26.76692771911621, 0.007372999077464173
395, 977, 1517, 4.490269224087209, 27.151931762695312, 0.0008198894484958471
440, 977, 1517, 3.752608979387974, 27.22207260131836, 0.011513074671337277
80, 977, 1697, 4.5861616461778825, 26.200057983398438, 0.058252866637990175
125, 977, 1697, 4.37491510459592, 26.866024017333984, 0.0612323214516199
170, 977, 1697, 4.436958744956263, 26.917423248291016, 0.027047994235404122
215, 977, 1697, 4.48932581147828, 26.08620834350586, 0.06375076717442651
260, 977, 1697, 4.319462844055983, 26.853351593017578, 0.019766332023284833
305, 977, 1697, 4.3561461040106515, 26.420513153076172, 0.06081109374905886
350, 977, 1697, 4.4977519726112485, 26.448253631591797, 0.04746719173580894
395, 977, 1697, 4.508601039997837, 26.584259033203125, 0.001306287496942067
440, 977, 1697, 3.805382187004358, 26.65863800048828, 0.013701190344011063
80, 977, 1877, 4.567401436124728, 25.437850952148438, 0.11575172622260792
125, 977, 1877, 4.498929799747899, 25.577547073364258, 0.07842279683119803
170, 977, 1877, 4.402789707368889, 26.008684158325195, 0.03599067666359191
215, 977, 1877, 4.454450013555345, 26.696399688720703, 0.0106709513850766
260, 977, 1877, 4.431439903761864, 27.068737030029297, 0.009958648683817864
305, 977, 1877, 4.37036654000894, 26.470203399658203, 0.069389779349472
350, 977, 1877, 4.524869171973703, 25.940122604370117, 0.02672552246651744
395, 977, 1877, 4.561756939675236, 26.243616104125977, -0.0009902463585367153
440, 977, 1877, 3.692514789882271, 26.331809997558594, -0.002777812093089524
80, 1157, 77, 4.519391284546687, 25.86910629272461, 0.028396637659708564
125, 1157, 77, 4.501883722596898, 25.939666748046875, 0.04356721513414877
170, 1157, 77, 4.4883523382804285, 25.680477142333984, 0.06137838838113891
215, 1157, 77, 4.226984248822159, 25.525531768798828, 0.05122396297005331
260, 1157, 77, 4.595797891400418, 25.30234146118164, 0.02782269246367113
305, 1157, 77, 4.561206524368453, 25.07400894165039, 0.05026079003070782
350, 1157, 77, 4.5347496067874165, 25.312044143676758, 0.046980660644681344
395, 1157, 77, 4.492697823735723, 25.682659149169922, 0.0018782043509052715
440, 1157, 77, 3.788009469084295, 26.017318725585938, 0.010472871215320992
80, 1157, 257, 4.277240274335301, 27.87493896484375, 0.029459398450732907
125, 1157, 257, 4.3530177257324585, 27.824161529541016, 0.017249201935599024
170, 1157, 257, 4.437331347422733, 27.766889572143555, 0.018855948367544888
215, 1157, 257, 4.2334676617558955, 27.22211265563965, 0.023627597118792806
260, 1157, 257, 4.352040024095814, 27.099388122558594, 0.011647291279254462
305, 1157, 257, 4.50202270629816, 27.361412048339844, 0.030240230088308045
350, 1157, 257, 4.528609017946946, 26.193187713623047, 0.04208087843735682
395, 1157, 257, 4.434101384014575, 26.486082077026367, 0.00015955556752661343
440, 1157, 257, 3.6915430771409428, 26.73492431640625, 0.004914751920798117
80, 1157, 437, 4.517746215617644, 26.66317367553711, 0.07100152018749215
125, 1157, 437, 4.3733632028230724, 27.093490600585938, 0.0864800881888949
170, 1157, 437, 4.414782987349752, 27.262100219726562, 0.05100073907843074
215, 1157, 437, 4.48995612004066, 27.393924713134766, 0.0298303050815915
260, 1157, 437, 4.534182655880621, 27.071849822998047, 0.05207132143749788
305, 1157, 437, 4.406014173348936, 27.35108757019043, 0.025383873341789983
350, 1157, 437, 4.382152614999831, 26.857322692871094, 0.006472749651668141
395, 1157, 437, 4.5916599977929415, 26.940786361694336, -0.0033444275099438897
440, 1157, 437, 3.772317076006898, 26.82818603515625, -0.000922486046194818
80, 1157, 617, 4.182215290575691, 25.763206481933594, 0.06000320981876314
125, 1157, 617, 4.513658734427253, 26.712453842163086, 0.0509941982186773
170, 1157, 617, 4.325324258844174, 27.18233299255371, 0.05147088071737273
215, 1157, 617, 4.494894242286555, 27.2178955078125, 0.0496302197224939
260, 1157, 617, 4.4430170158104385, 26.546253204345703, 0.019057401013225866
305, 1157, 617, 4.40453051674394, 26.514087677001953, 0.009330429112954976
350, 1157, 617, 4.447105048059883, 26.11727523803711, 0.025607109663219284
395, 1157, 617, 4.578220505060334, 26.25267219543457, 0.0067757493114004325
440, 1157, 617, 3.733874851148529, 26.297279357910156, 0.016113386676247555
80, 1157, 797, 4.384666620272394, 26.360130310058594, 0.023275449132671006
125, 1157, 797, 4.5755373441894225, 25.412662506103516, 0.04550725840646478
170, 1157, 797, 4.313384700950029, 25.887569427490234, 0.020695286500544207
215, 1157, 797, 4.448153347595747, 26.527673721313477, 0.024190954449469143
260, 1157, 797, 4.444763420147019, 26.332853317260742, 0.03960925463354637
305, 1157, 797, 4.326029842201148, 26.204519271850586, 0.040548642244043136
350, 1157, 797, 4.457913421284137, 26.71092414855957, 0.023127028469724278
395, 1157, 797, 4.568109062278303, 26.232852935791016, 0.0008296033760698698
440, 1157, 797, 3.852991881666709, 25.99578094482422, 0.0005785831826356328
80, 1157, 977, 4.55502921209198, 25.13942527770996, 0.04506153003380552
125, 1157, 977, 4.530815228518024, 25.477954864501953, 0.028541634312393566
170, 1157, 977, 4.493362729290738, 25.801939010620117, 0.022451993849122224
215, 1157, 977, 4.633834197282652, 25.03430938720703, 0.037951359236409854
260, 1157, 977, 4.397764244180603, 24.297607421875, 0.06524851049935258
305, 1157, 977, 4.4618763448482515, 24.654333114624023, 0.053427459133741945
350, 1157, 977, 4.528633891086771, 25.098064422607422, 0.010645083841433759
395, 1157, 977, 4.514282218239877, 25.661762237548828, -0.0034875088848244458
440, 1157, 977, 3.791560566754757, 25.759937286376953, -0.009254821056676613
80, 1157, 1157, 4.335217346812236, 26.992883682250977, 0.03805148824559263
125, 1157, 1157, 4.399917051176651, 27.14093017578125, 0.046009759011667616
170, 1157, 1157, 4.502544308499481, 27.20893096923828, 0.04698377360944635
215, 1157, 1157, 4.508380125055572, 26.940723419189453, 0.06751958620896326
260, 1157, 1157, 4.4662705977560755, 26.930683135986328, 0.026089586803769386
305, 1157, 1157, 4.525363758502335, 27.46216583251953, 0.004077274623383177
350, 1157, 1157, 4.470083141762983, 27.465150833129883, 0.0012320705889915314
395, 1157, 1157, 4.502496881028968, 27.593006134033203, 0.0037208062637504825
440, 1157, 1157, 3.7317543307500474, 27.626005172729492, 0.020695442708246862
80, 1157, 1337, 4.355113088407611, 27.085018157958984, 0.07601953717824951
125, 1157, 1337, 4.373388557228118, 27.056724548339844, 0.0935710269172333
170, 1157, 1337, 4.491361564204688, 27.942039489746094, 0.027857073263452686
215, 1157, 1337, 4.3947947364062525, 28.56840705871582, -0.005278326245537781
260, 1157, 1337, 4.437217916727465, 28.554853439331055, 0.02384834596633878
305, 1157, 1337, 4.324713700593078, 29.016624450683594, 0.000886334482491051
350, 1157, 1337, 4.286570480167618, 28.9598445892334, 0.005724422467326831
395, 1157, 1337, 4.456948621123529, 28.339696884155273, -0.00378444214782769
440, 1157, 1337, 3.7425881139336377, 28.09590721130371, 0.004973612426538182
80, 1157, 1517, 4.4679984165984274, 26.98980140686035, 0.07498412832079769
125, 1157, 1517, 4.568251632844593, 26.99017333984375, 0.05854565371519074
170, 1157, 1517, 4.546994693875203, 27.228069305419922, 0.08905836126324151
215, 1157, 1517, 4.447345507300512, 26.873916625976562, 0.09308743289562345
260, 1157, 1517, 4.4385500006664245, 27.182025909423828, 0.08616018194184527
305, 1157, 1517, 4.510357422255597, 27.817596435546875, 0.026112944474822625
350, 1157, 1517, 4.387948777713913, 27.588356018066406, 0.0009569241506075375
395, 1157, 1517, 4.325580757700073, 27.428787231445312, 0.0011741783822216887
440, 1157, 1517, 3.7681630860592628, 27.34587860107422, -0.0001347640211645659
80, 1157, 1697, 4.331154701582468, 25.223806381225586, 0.07388532882634129
125, 1157, 1697, 4.54641849233464, 25.46869659423828, 0.049594447110491234
170, 1157, 1697, 4.504784989602743, 25.456867218017578, 0.056644765261624076
215, 1157, 1697, 4.126458869201197, 25.250730514526367, 0.07866240636504479
260, 1157, 1697, 4.56801254904109, 25.384628295898438, 0.07830263735956798
305, 1157, 1697, 4.421360030003037, 25.811607360839844, 0.06262143895758525
350, 1157, 1697, 4.461015871091036, 26.09876251220703, 0.052501621710566444
395, 1157, 1697, 4.4467053267338486, 26.239492416381836, 0.006836702584187558
440, 1157, 1697, 3.7831031349118236, 26.3091983795166, 0.002990322868981413
80, 1157, 1877, 4.264564485790777, 24.580841064453125, 0.06384617379347879
125, 1157, 1877, 4.267945889624292, 24.669984817504883, 0.07451554698849022
170, 1157, 1877, 4.279861506025111, 25.19406509399414, 0.07543729297965907
215, 1157, 1877, 4.487804991866904, 25.547321319580078, 0.03928054591431678
260, 1157, 1877, 4.308830977713995, 25.166248321533203, 0.06913629855971012
305, 1157, 1877, 4.2310147271116305, 25.38117218017578, 0.03073602315728561
350, 1157, 1877, 4.48308622559167, 26.19759750366211, 0.013530188583506075
395, 1157, 1877, 4.488688019723749, 26.442657470703125, 0.002414527954256826
440, 1157, 1877, 3.7940992485734824, 26.256534576416016, -0.0046272673935461705
80, 1337, 77, 4.282298681419302, 27.05435562133789, 0.053046029466620986
125, 1337, 77, 4.516280338272699, 27.438758850097656, 0.037766106610765224
170, 1337, 77, 4.540910623634629, 28.049457550048828, 0.030885769741645554
215, 1337, 77, 4.530289241757551, 28.44960594177246, 0.02741240798799511
260, 1337, 77, 4.485507733010663, 28.678239822387695, 0.014255009104596318
305, 1337, 77, 4.342831200066156, 28.803512573242188, 0.0048998433139961824
350, 1337, 77, 4.338713894319189, 28.897798538208008, 0.012539115586153159
395, 1337, 77, 4.4869815646150215, 28.24212074279785, -0.003019752261237536
440, 1337, 77, 3.73836603288314, 27.923500061035156, -0.006197743880127981
80, 1337, 257, 4.433447472161423, 26.72707176208496, 0.030246699765408433
125, 1337, 257, 4.384837221102876, 26.957061767578125, 0.0218859852875091
170, 1337, 257, 4.373400681832418, 26.579242706298828, 0.031027942909738163
215, 1337, 257, 4.297382405037419, 27.40330696105957, 0.042267244915370615
260, 1337, 257, 4.471936304204512, 27.198436737060547, 0.10776453484012169
305, 1337, 257, 4.391340976547707, 27.953044891357422, 0.026182710599606144
350, 1337, 257, 4.5205603563796934, 27.277820587158203, 0.018447154345761517
395, 1337, 257, 4.499612340348971, 26.90691375732422, -0.004670161890203005
440, 1337, 257, 3.728443371659971, 26.87285614013672, 0.011706066856329888
80, 1337, 437, 4.333041552611605, 26.874502182006836, 0.07266658132284719
125, 1337, 437, 4.30719502341691, 27.028038024902344, 0.03175411217968379
170, 1337, 437, 4.3904021265789615, 25.855907440185547, 0.029681360062730044
215, 1337, 437, 4.281777829402517, 25.65629005432129, 0.04150615362538924
260, 1337, 437, 4.373033141996234, 25.91453742980957, 0.025954898170492312
305, 1337, 437, 4.4790171352794435, 26.62258529663086, 0.059513762882995674
350, 1337, 437, 4.383288506334102, 26.59558868408203, 0.054236663263667696
395, 1337, 437, 4.475872259574316, 26.52117156982422, 0.0025932083023680655
440, 1337, 437, 3.8047105535149504, 26.60883331298828, 0.0026692164320120757
80, 1337, 617, 4.389007479436466, 27.571392059326172, 0.02812742129781134
125, 1337, 617, 4.256693176476581, 27.012100219726562, 0.02088983568715957
170, 1337, 617, 4.278049557572358, 27.582477569580078, 0.010836037570542573
215, 1337, 617, 4.546456957124168, 27.158544540405273, 0.02904243770257399
260, 1337, 617, 4.124882198897867, 26.08291244506836, 0.07829623719963755
305, 1337, 617, 4.475795277835386, 26.292341232299805, 0.016888792721392123
350, 1337, 617, 4.4692106922837604, 26.13876724243164, 0.013238574174032224
395, 1337, 617, 4.492432631744616, 26.20690155029297, -0.0009929640117911206
440, 1337, 617, 3.8145253341653875, 26.15583038330078, 0.010632428816997214
80, 1337, 797, 4.407700463220559, 25.211074829101562, 0.0426615913492148
125, 1337, 797, 4.434450255701868, 24.97784423828125, 0.04576713392225619
170, 1337, 797, 4.355058763730216, 24.896469116210938, 0.03945854380535276
215, 1337, 797, 4.4896539075022, 25.294757843017578, 0.031933005819224564
260, 1337, 797, 4.4882689344940605, 25.22720718383789, 0.03277028015160327
305, 1337, 797, 4.369068450010573, 25.678524017333984, 0.015029067758062113
350, 1337, 797, 4.478910194502115, 25.89889907836914, 0.011537176850577317
395, 1337, 797, 4.473290958581178, 25.614620208740234, 0.005277383977926854
440, 1337, 797, 3.686416107291486, 25.44577407836914, -0.006091789740104299
80, 1337, 977, 4.400605297647023, 24.122234344482422, 0.037901066836541736
125, 1337, 977, 4.499863910137112, 24.16468620300293, 0.03246624152260103
170, 1337, 977, 4.459345860227107, 24.248144149780273, 0.026056184431875386
215, 1337, 977, 4.492887679625232, 23.74273681640625, 0.03529564252617101
260, 1337, 977, 4.237747391676671, 23.589000701904297, 0.03530298849683581
305, 1337, 977, 4.504639332761935, 23.889415740966797, 0.02277650202003776
350, 1337, 977, 4.503915502362423, 24.693523406982422, 0.015554185772736893
395, 1337, 977, 4.528214496793222, 24.70307159423828, -0.0031169981200047502
440, 1337, 977, 3.773933765106158, 24.707218170166016, 0.0003007076411111285
80, 1337, 1157, 4.3253404344083854, 25.629886627197266, 0.025675475644658798
125, 1337, 1157, 4.2486179941886375, 25.903806686401367, 0.032176804102710115
170, 1337, 1157, 4.5775365905206655, 25.7874755859375, 0.02500943364098785
215, 1337, 1157, 4.575793688948397, 25.74590301513672, 0.012816941431938683
260, 1337, 1157, 4.29180765881357, 25.396135330200195, 0.03695943786855001
305, 1337, 1157, 4.3112814982809615, 25.485660552978516, 0.021649178776281596
350, 1337, 1157, 4.40843704440957, 25.94951629638672, 0.009297629420145576
395, 1337, 1157, 4.563155246324386, 25.739126205444336, -0.004902523846795361
440, 1337, 1157, 3.766179353870202, 25.762386322021484, -0.02020100529185187
80, 1337, 1337, 4.487156813141523, 24.626787185668945, 0.04677117448517416
125, 1337, 1337, 4.56188066790806, 24.09459114074707, 0.03332363214525918
170, 1337, 1337, 4.270191547964351, 23.64885711669922, 0.04560056902466542
215, 1337, 1337, 4.388577390130842, 23.337337493896484, 0.044699104395352816
260, 1337, 1337, 4.523470925610413, 23.745956420898438, 0.04557469658630909
305, 1337, 1337, 4.538262276969445, 24.567424774169922, 0.03368499454345181
350, 1337, 1337, 4.516683312740661, 25.065610885620117, 0.00932224808136972
395, 1337, 1337, 4.485823323389229, 25.30181121826172, 0.0057093157151976645
440, 1337, 1337, 3.78073301691954, 25.323781967163086, -0.019305133115216595
80, 1337, 1517, 4.453759313646271, 23.790103912353516, 0.04684223987416395
125, 1337, 1517, 4.444222843494161, 23.926025390625, 0.04017575347209157
170, 1337, 1517, 4.416802985308996, 24.320598602294922, 0.04204282580397515
215, 1337, 1517, 4.524322428784424, 24.491485595703125, 0.04231169055287542
260, 1337, 1517, 4.5148522059514224, 24.24915313720703, 0.07890381536437363
305, 1337, 1517, 4.442095083113849, 25.240856170654297, 0.05872876129894456
350, 1337, 1517, 4.491605063363806, 25.749408721923828, 0.025587333827499815
395, 1337, 1517, 4.645770504286154, 25.27495574951172, -0.0032984183929762796
440, 1337, 1517, 3.8643148572154593, 25.141963958740234, 0.00409961930710422
80, 1337, 1697, 4.487873565763563, 28.163726806640625, 0.010580714515051557
125, 1337, 1697, 4.524868634769949, 27.412185668945312, 0.01674651339696053
170, 1337, 1697, 4.397617370853532, 26.633926391601562, 0.027143038979237057
215, 1337, 1697, 4.300257904788425, 25.945159912109375, 0.05068863953736488
260, 1337, 1697, 4.4576258226338625, 25.014583587646484, 0.0870281076490538
305, 1337, 1697, 4.528882033948227, 25.058574676513672, 0.06730555907418963
350, 1337, 1697, 4.34826875823108, 25.5518856048584, 0.07517572759385935
395, 1337, 1697, 4.501381164184253, 25.116348266601562, -0.003100967892178176
440, 1337, 1697, 3.848886816088565, 25.036178588867188, -0.000820337172488102
80, 1337, 1877, 4.431848843528933, 24.862768173217773, 0.03391510885686348
125, 1337, 1877, 4.486298596022216, 23.984207153320312, 0.0878209587750461
170, 1337, 1877, 4.519608600987296, 23.389400482177734, 0.06870944730272951
215, 1337, 1877, 4.331298351657762, 23.476959228515625, 0.08316628593350628
260, 1337, 1877, 4.3889379362597785, 23.909603118896484, 0.08691694449829968
305, 1337, 1877, 4.447804356220288, 24.945959091186523, 0.051125005999082804
350, 1337, 1877, 4.509254041294589, 25.207857131958008, 0.01988592173134126
395, 1337, 1877, 4.469085883336078, 24.829113006591797, 0.0062543463205689855
440, 1337, 1877, 3.6877240409663608, 24.541641235351562, 0.005960981019006915
80, 1517, 77, 4.392457467081441, 28.24201774597168, 0.031424356463065926
125, 1517, 77, 4.428592660607679, 28.44961166381836, 0.00974462222180299
170, 1517, 77, 4.150556820769027, 28.160888671875, 0.013518309953230032
215, 1517, 77, 4.5394154499833315, 27.795679092407227, 0.02179476949673978
260, 1517, 77, 4.185242208232764, 27.05217170715332, 0.05725114323211588
305, 1517, 77, 4.465936655736522, 26.430973052978516, 0.04678100983440341
350, 1517, 77, 4.140615970015518, 26.415008544921875, 0.08066029915656864
395, 1517, 77, 4.398879658842259, 26.929418563842773, 0.000716081204900601
440, 1517, 77, 3.731536027882562, 27.185298919677734, 0.011180588008914638
80, 1517, 257, 4.353091681865141, 27.324462890625, 0.020260752267715742
125, 1517, 257, 4.432784790212979, 27.541717529296875, 0.029554534344219244
170, 1517, 257, 4.424776963770553, 27.583904266357422, 0.04459813356635577
215, 1517, 257, 4.512753136192113, 27.194721221923828, 0.03201369080788434
260, 1517, 257, 4.607425609103428, 26.89553451538086, 0.03813916672381706
305, 1517, 257, 4.384373066841661, 27.1451416015625, 0.030049768116389656
350, 1517, 257, 4.500347078291943, 26.80101776123047, 0.035263783266849896
395, 1517, 257, 4.520252120537071, 26.733749389648438, 0.0034622522664345557
440, 1517, 257, 3.7368654175288363, 26.705556869506836, 0.0017503612432670334
80, 1517, 437, 4.391222616204795, 26.02904510498047, 0.06482553310492332
125, 1517, 437, 4.473756508572997, 26.834938049316406, 0.06570604328488831
170, 1517, 437, 4.501664246016152, 26.246170043945312, 0.06383279414884983
215, 1517, 437, 4.5023054285894215, 26.652742385864258, 0.02786218676774003
260, 1517, 437, 4.472285127526983, 27.64337158203125, 0.029862543720138336
305, 1517, 437, 4.466481155740545, 27.539783477783203, 0.04810672874322985
350, 1517, 437, 4.485279040274145, 27.256250381469727, 0.03074619672819052
395, 1517, 437, 4.354308005506264, 27.049957275390625, -0.0014987420940845006
440, 1517, 437, 3.7572267663100867, 26.893585205078125, 0.002995548848084256
80, 1517, 617, 4.311138344570482, 26.315460205078125, 0.11896312287625632
125, 1517, 617, 4.332777856782701, 26.511127471923828, 0.02040086965171612
170, 1517, 617, 4.3615139002186565, 26.73452377319336, 0.009579918141129263
215, 1517, 617, 4.3532490902729135, 27.301898956298828, 0.0028268424689694024
260, 1517, 617, 4.562950573217602, 26.629377365112305, 0.03473035855461297
305, 1517, 617, 4.47443456224135, 26.9411563873291, 0.01446941947736343
350, 1517, 617, 4.290780287123406, 27.028858184814453, 0.02063456017158664
395, 1517, 617, 4.548310244558782, 26.621240615844727, 0.0028002593209944296
440, 1517, 617, 3.7989716217219995, 26.444610595703125, 0.0036776140744323137
80, 1517, 797, 4.348315301088338, 24.55428695678711, 0.030487715092507844
125, 1517, 797, 4.443837447446019, 24.767635345458984, 0.031010488044793002
170, 1517, 797, 4.449518696937352, 24.329092025756836, 0.018934551750911674
215, 1517, 797, 4.327934748658697, 23.52801513671875, 0.04649977843845436
260, 1517, 797, 4.387588458767989, 23.70161247253418, 0.03853435453071039
305, 1517, 797, 4.485732589762986, 24.157880783081055, 0.024948334905412227
350, 1517, 797, 4.4811478719878695, 24.273042678833008, 0.0037969956713906853
395, 1517, 797, 4.5357916003321215, 24.440723419189453, 0.0007355926754702812
440, 1517, 797, 3.7623830607498956, 24.445907592773438, 0.018902970118011668
80, 1517, 977, 4.534536893293935, 25.215526580810547, 0.05455793533008122
125, 1517, 977, 4.60756559953592, 25.094038009643555, 0.04866364853757907
170, 1517, 977, 4.5382035437809725, 24.644351959228516, 0.04946928623537754
215, 1517, 977, 4.511432082140031, 24.026329040527344, 0.055101216487498904
260, 1517, 977, 4.5814523900569535, 24.116718292236328, 0.06044477014005053
305, 1517, 977, 4.547655679771704, 24.593891143798828, 0.055606234963667546
350, 1517, 977, 4.541711922869248, 25.222332000732422, 0.0058698273309594606
395, 1517, 977, 4.491197691354833, 25.14380645751953, -0.00022815869603428927
440, 1517, 977, 3.7658268435460607, 25.07964324951172, 0.0004808316175038457
80, 1517, 1157, 4.359499726634526, 26.672199249267578, 0.02771176831749389
125, 1517, 1157, 4.52324380553407, 27.20303726196289, 0.007588149346503313
170, 1517, 1157, 4.5355736750941515, 27.221450805664062, 0.007986411586768553
215, 1517, 1157, 4.481662925858225, 27.07695198059082, 0.03500536601321018
260, 1517, 1157, 4.356895733483958, 26.668556213378906, 0.01345309911806408
305, 1517, 1157, 4.48075014100254, 26.674968719482422, 0.001945358925389801
350, 1517, 1157, 4.346152760496844, 26.803443908691406, 0.01640699421833087
395, 1517, 1157, 4.446445563766024, 26.840356826782227, -0.005124420782896099
440, 1517, 1157, 3.7843403521589956, 26.721065521240234, -0.0023772605198407125
80, 1517, 1337, 4.53215794827042, 24.280654907226562, 0.022810931678294188
125, 1517, 1337, 4.498183734758862, 24.6629695892334, 0.010136743087864712
170, 1517, 1337, 4.388490243502908, 24.424701690673828, 0.01908213600043168
215, 1517, 1337, 4.423755431493322, 24.929306030273438, 0.04638275748553898
260, 1517, 1337, 4.483818719873819, 25.061729431152344, 0.016258094682013648
305, 1517, 1337, 4.474097796679023, 25.497264862060547, 0.02427575714794571
350, 1517, 1337, 4.47929926972234, 25.93375587463379, 0.011826023198876887
395, 1517, 1337, 4.483156676829035, 25.420841217041016, 0.004558818029848242
440, 1517, 1337, 3.694191345029497, 25.405628204345703, 0.008955738794325931
80, 1517, 1517, 4.391531638658513, 24.304500579833984, 0.04037060235570217
125, 1517, 1517, 4.444981996125775, 24.470352172851562, 0.037632849037656214
170, 1517, 1517, 4.442528077876332, 24.099376678466797, 0.021662635736120994
215, 1517, 1517, 4.3536510604842675, 24.062461853027344, 0.05706574026359247
260, 1517, 1517, 4.548709461779434, 23.895227432250977, 0.040320346141071016
305, 1517, 1517, 4.470794296645067, 24.273075103759766, 0.00909980278125534
350, 1517, 1517, 4.550281806925483, 24.773975372314453, 0.028052477190081946
395, 1517, 1517, 4.495240914151554, 24.834285736083984, -0.0002000801024858859
440, 1517, 1517, 3.8296578699299495, 24.845674514770508, -0.0033027926703762312
80, 1517, 1697, 4.5510454441628525, 23.714862823486328, 0.042809637899027274
125, 1517, 1697, 4.5049369228898035, 23.771636962890625, 0.02659478821725794
170, 1517, 1697, 4.458326344820797, 23.593852996826172, 0.019343528455347692
215, 1517, 1697, 4.575616242944468, 22.649057388305664, 0.03768566703176545
260, 1517, 1697, 4.519718695293171, 22.952526092529297, 0.013057365455940566
305, 1517, 1697, 4.514304377622289, 22.92017936706543, 0.03186337511707409
350, 1517, 1697, 4.4296239318157395, 22.60856056213379, 0.03486775039518416
395, 1517, 1697, 4.549122975022267, 23.22974395751953, -0.006197679857482618
440, 1517, 1697, 3.8017044779846656, 23.341217041015625, -0.013517031368059066
80, 1517, 1877, 4.578992074586132, 23.698169708251953, 0.025731718877893033
125, 1517, 1877, 4.405173932034249, 23.684263229370117, 0.010404985731403051
170, 1517, 1877, 4.296798519021675, 23.694435119628906, 0.0382385965613617
215, 1517, 1877, 4.293611120516037, 23.672348022460938, 0.06760939788440938
260, 1517, 1877, 4.406362575959256, 23.967098236083984, 0.09409017915268551
305, 1517, 1877, 4.480176221529753, 23.854825973510742, 0.030088185228432214
350, 1517, 1877, 4.4227399598922075, 23.624744415283203, 0.015645764513268587
395, 1517, 1877, 4.502022544948629, 24.001508712768555, 0.00570237767948101
440, 1517, 1877, 3.6952320678967947, 23.94320297241211, -0.0024648285458903816
80, 1697, 77, 4.555743631114442, 25.86483383178711, 0.05757661027294724
125, 1697, 77, 4.550499020778645, 26.21763801574707, 0.017643948703660057
170, 1697, 77, 4.343910449769791, 26.6319522857666, 0.016943618936126056
215, 1697, 77, 4.562303657523529, 26.38751983642578, 0.019921714369342505
260, 1697, 77, 4.366796687830908, 25.785430908203125, 0.016656936796589628
305, 1697, 77, 4.480894874384363, 26.008052825927734, 0.05394358691536516
350, 1697, 77, 4.4905826342972945, 25.482669830322266, 0.06068202022475893
395, 1697, 77, 4.348997775091881, 25.37124252319336, 0.04786423990819753
440, 1697, 77, 3.785239430526818, 25.19542121887207, 0.26266476651507537
80, 1697, 257, 4.4605091935078125, 25.763198852539062, 0.03721006439442595
125, 1697, 257, 4.533428610972349, 25.12060546875, 0.08403059290794707
170, 1697, 257, 4.4887215025970395, 25.462955474853516, 0.00978388225743246
215, 1697, 257, 4.6184390882192226, 24.589637756347656, 0.009628199749781277
260, 1697, 257, 4.3864622117557195, 24.32119369506836, 0.019036082140335402
305, 1697, 257, 4.318946266217147, 24.195289611816406, 0.01584291882987714
350, 1697, 257, 4.480886791397999, 24.282711029052734, 0.008343246100492476
395, 1697, 257, 4.461090186645896, 24.557483673095703, -0.010053060609368024
440, 1697, 257, 3.812320247003551, 24.695138931274414, -0.0014507099306179272
80, 1697, 437, 4.502413444222057, 26.686264038085938, 0.027400195917000218
125, 1697, 437, 4.546522312833175, 26.085742950439453, 0.023197887162681938
170, 1697, 437, 4.555161797157375, 26.1314697265625, 0.03499454906400456
215, 1697, 437, 4.496563113920713, 26.353851318359375, 0.05714318051439671
260, 1697, 437, 4.567580197546698, 25.681407928466797, 0.05223981104882152
305, 1697, 437, 4.407065854941227, 26.48743438720703, 0.06921592525689489
350, 1697, 437, 4.440151437296008, 26.629772186279297, 0.017909271662560594
395, 1697, 437, 4.500266349521475, 26.188053131103516, 0.009016907059950705
440, 1697, 437, 3.8055659224614486, 25.999553680419922, 0.004909948387182312
80, 1697, 617, 4.426365188455849, 27.074108123779297, 0.030596716645510197
125, 1697, 617, 4.506073763590156, 27.061296463012695, 0.017010958864441466
170, 1697, 617, 4.475878950827673, 27.9171142578125, 0.022474115826633525
215, 1697, 617, 4.497382265471728, 27.800090789794922, 0.017692431982420348
260, 1697, 617, 4.274157190974112, 27.722042083740234, 0.03069747866110613
305, 1697, 617, 4.328443847162153, 27.788448333740234, 0.01751164424322773
350, 1697, 617, 4.357853695888252, 27.07870864868164, 0.04592115561336843
395, 1697, 617, 4.455938026460355, 27.110624313354492, 0.0015007271219416197
440, 1697, 617, 3.753529614526176, 26.892227172851562, 0.006308474830788832
80, 1697, 797, 4.412182268915521, 26.73541831970215, 0.04141437848354735
125, 1697, 797, 4.5007661558000445, 26.902130126953125, 0.03435155543874149
170, 1697, 797, 4.493384603911411, 26.377195358276367, 0.04632366657814971
215, 1697, 797, 4.288130509038724, 25.275684356689453, 0.09844733043955659
260, 1697, 797, 4.501834838084324, 24.318998336791992, 0.11021908613553562
305, 1697, 797, 4.499776913423871, 24.449501037597656, 0.07012163702164771
350, 1697, 797, 4.569806230358267, 25.709247589111328, 0.012749411078428278
395, 1697, 797, 4.535518137369374, 26.170194625854492, -0.004224818361567405
440, 1697, 797, 3.802920674431679, 26.29189682006836, -0.013703012637902483
80, 1697, 977, 4.429469101989841, 26.473155975341797, 0.025988197467756952
125, 1697, 977, 4.516930065092477, 26.20296859741211, 0.06791275673446935
170, 1697, 977, 4.175246048445272, 25.40372657775879, 0.04651611749702708
215, 1697, 977, 4.532099379615662, 25.794307708740234, 0.028850265853647007
260, 1697, 977, 4.4512067390773975, 25.829362869262695, 0.010436054759716455
305, 1697, 977, 4.499842144595191, 25.709537506103516, 0.03878539945904821
350, 1697, 977, 4.355200296888182, 25.263198852539062, 0.057922967554921934
395, 1697, 977, 4.514650981446041, 25.81781768798828, 0.000573038960769438
440, 1697, 977, 3.797551725368565, 25.958209991455078, -0.0018389344605546508
80, 1697, 1157, 4.529401255931456, 26.956523895263672, 0.034653739644261244
125, 1697, 1157, 4.580216617094393, 27.64720916748047, 0.0630666091280171
170, 1697, 1157, 4.520320915048026, 27.968292236328125, 0.0532075251856237
215, 1697, 1157, 4.352179743301983, 27.54218864440918, 0.035764293779832576
260, 1697, 1157, 4.468869618050029, 26.749759674072266, 0.05361069739553012
305, 1697, 1157, 4.249590436352543, 26.009906768798828, 0.06654877835898777
350, 1697, 1157, 4.420082012290967, 26.21099090576172, 0.0293753814865462
395, 1697, 1157, 4.447108009598622, 26.41958236694336, 0.002380024489426841
440, 1697, 1157, 3.7580056732824105, 26.49310302734375, 0.005265981460301934
80, 1697, 1337, 4.680503108225833, 25.68560218811035, 0.05778751821385539
125, 1697, 1337, 4.464345719890394, 25.788604736328125, 0.060124167552323395
170, 1697, 1337, 4.3526701886710235, 25.766674041748047, 0.02695781712337615
215, 1697, 1337, 4.347980235977877, 26.194869995117188, 0.060674028580763165
260, 1697, 1337, 4.488378816415768, 27.131866455078125, 0.049864068420538823
305, 1697, 1337, 4.361987341879581, 27.564693450927734, 0.0007808999043928834
350, 1697, 1337, 4.287107406504971, 27.473285675048828, 0.02038929321024476
395, 1697, 1337, 4.499669903556065, 26.650836944580078, 0.0004678571829347694
440, 1697, 1337, 3.718458185424838, 26.350831985473633, 0.010035769836296051
80, 1697, 1517, 4.4314647313590125, 24.370372772216797, 0.02662209749866497
125, 1697, 1517, 4.528875119338848, 24.402324676513672, 0.017654120412863673
170, 1697, 1517, 4.481291964236354, 24.094594955444336, 0.03898873279501496
215, 1697, 1517, 4.572926144419291, 23.78485870361328, 0.059039755791587704
260, 1697, 1517, 4.443400731462332, 24.41537857055664, 0.0406422263825399
305, 1697, 1517, 4.3938744106444565, 24.906782150268555, 0.07557864074451258
350, 1697, 1517, 4.4800757422131845, 25.770118713378906, 0.018194302291656347
395, 1697, 1517, 4.356848233186237, 25.642723083496094, -0.005722790526813586
440, 1697, 1517, 3.829873243940393, 25.545204162597656, 0.008679882982657199
80, 1697, 1697, 4.490207848160191, 22.906784057617188, 0.04342246436462699
125, 1697, 1697, 4.599649260750465, 22.72304916381836, 0.017435999315754732
170, 1697, 1697, 4.566786023032361, 22.84756851196289, 0.006541679767091724
215, 1697, 1697, 4.518593548684885, 22.944091796875, 0.015250525957104938
260, 1697, 1697, 4.423923695726629, 23.44644546508789, 0.01686121520781122
305, 1697, 1697, 4.515311977554837, 23.880367279052734, 0.03856970232479498
350, 1697, 1697, 4.435051759308614, 23.617034912109375, 0.06378303727589012
395, 1697, 1697, 4.421985049661081, 23.530643463134766, 0.007596994367700109
440, 1697, 1697, 3.820838839670939, 23.765403747558594, -0.009022067284615718
80, 1697, 1877, 4.502272676962895, 22.67636489868164, 0.01629697930415703
125, 1697, 1877, 4.607455770268235, 22.299232482910156, 0.016218053799409562
170, 1697, 1877, 4.520072422947956, 22.18149185180664, 0.020622854543740157
215, 1697, 1877, 4.488887332635393, 22.412322998046875, 0.017439269875136637
260, 1697, 1877, 4.316461316675671, 22.50876235961914, 0.01542770123015324
305, 1697, 1877, 4.544285430225062, 22.69051742553711, 0.0121807205735518
350, 1697, 1877, 4.574960147287219, 22.855411529541016, 0.005250715750179665
395, 1697, 1877, 4.49480996197413, 23.01586151123047, 0.003249264633660801
440, 1697, 1877, 3.742998556478417, 23.055997848510742, -0.0017226379099619879
80, 1877, 77, 4.606395215575771, 23.09243392944336, 0.022290442096108014
125, 1877, 77, 4.5430605472558385, 22.596277236938477, 0.020662060167847465
170, 1877, 77, 4.649355423681736, 22.555614471435547, 0.05443356308544528
215, 1877, 77, 4.593224781759054, 23.277950286865234, 0.026672353382927224
260, 1877, 77, 4.600080982327666, 23.207294464111328, 0.0023449278916641736
305, 1877, 77, 4.613429589436335, 23.88951301574707, 0.017165403728882544
350, 1877, 77, 4.559715235534187, 24.119152069091797, 0.00576348900944618
395, 1877, 77, 4.567301045995411, 23.993427276611328, 0.006092437244092578
440, 1877, 77, 3.824066670820885, 23.948070526123047, 0.0005811287092609126
80, 1877, 257, 4.579825155749961, 23.176395416259766, 0.037143968381578546
125, 1877, 257, 4.526917157819834, 24.213747024536133, 0.019244009181986547
170, 1877, 257, 4.630790372273381, 23.93433380126953, 0.03010904858557903
215, 1877, 257, 4.563634149965546, 24.475574493408203, 0.018916414478244565
260, 1877, 257, 4.595392589716791, 24.53900146484375, 0.03780795775622865
305, 1877, 257, 4.570975072401608, 23.614665985107422, 0.014046523000022024
350, 1877, 257, 4.557722695012945, 23.116086959838867, 0.012037418903817786
395, 1877, 257, 4.558016851616595, 23.24549102783203, -0.003378285748332849
440, 1877, 257, 3.893099106797682, 23.283037185668945, -0.005380913516543143
80, 1877, 437, 4.486517035673516, 21.901702880859375, 0.012898071984374924
125, 1877, 437, 4.552455516853582, 21.974414825439453, 0.003683290423001913
170, 1877, 437, 4.595226229441788, 22.106128692626953, 0.008473443619220306
215, 1877, 437, 4.600071778344582, 22.333728790283203, 0.009841112824777913
260, 1877, 437, 4.5232875060910995, 22.352752685546875, 0.011103508712323826
305, 1877, 437, 4.6187547384423135, 22.88793182373047, 0.010493349320430959
350, 1877, 437, 4.431326124065202, 23.728206634521484, 0.007367764255682562
395, 1877, 437, 4.603059895643723, 23.66579818725586, 0.005999323288072588
440, 1877, 437, 3.863290232463071, 23.531017303466797, -0.0059519848481993706
80, 1877, 617, 4.576923938082957, 24.312397003173828, 0.06914128683087443
125, 1877, 617, 4.496223232379427, 24.348861694335938, 0.025345537230326978
170, 1877, 617, 4.617101491448289, 24.190195083618164, 0.01871391669709108
215, 1877, 617, 4.2938982878717065, 25.14869499206543, 0.05381049943556388
260, 1877, 617, 4.4649831559687545, 25.882129669189453, 0.014279011783096589
305, 1877, 617, 4.395691894199794, 25.759166717529297, 0.012340149958226403
350, 1877, 617, 4.509153687172917, 26.071575164794922, 0.008726630070082847
395, 1877, 617, 4.493877872289679, 25.888736724853516, 0.013959470453348123
440, 1877, 617, 3.8581167153114255, 25.76065444946289, -0.0006905430591133924
80, 1877, 797, 4.459422859192092, 28.51901626586914, 0.010727611999755938
125, 1877, 797, 4.386967479572518, 28.463363647460938, 0.012394704279940357
170, 1877, 797, 4.392886366557853, 28.38201904296875, 0.007798787883795363
215, 1877, 797, 4.4661000707405405, 28.54943084716797, 0.006802615720432977
260, 1877, 797, 4.494002170435443, 28.352153778076172, 0.012620478800083759
305, 1877, 797, 4.396229651521423, 27.755592346191406, 0.011148990433989493
350, 1877, 797, 4.496273724516854, 27.890987396240234, 0.011087367887457483
395, 1877, 797, 4.2881675092293055, 27.43415641784668, -0.0001294619557374749
440, 1877, 797, 3.788044435404543, 27.211715698242188, -0.009755802551573722
80, 1877, 977, 4.555482283924007, 28.59075927734375, 0.023935873471342194
125, 1877, 977, 4.426748338112339, 28.96843719482422, 0.040283902622987956
170, 1877, 977, 4.393053091993051, 28.773204803466797, 0.01759068304862369
215, 1877, 977, 4.364070536324712, 29.063644409179688, 0.02624707003233246
260, 1877, 977, 4.499744522262161, 29.004301071166992, 0.012292404335822725
305, 1877, 977, 4.423382332911189, 28.293838500976562, 0.044307220910808236
350, 1877, 977, 4.436605917143525, 27.664278030395508, 0.03475066486880527
395, 1877, 977, 4.4160909563907, 27.36972999572754, 0.0026056506214374646
440, 1877, 977, 3.694774685389945, 27.314434051513672, -0.011866452800726623
80, 1877, 1157, 4.476614998616757, 28.154136657714844, 0.022866094967376023
125, 1877, 1157, 4.537230522005712, 28.233654022216797, 0.02020990936095661
170, 1877, 1157, 4.424774381587681, 28.014659881591797, 0.0925594627912222
215, 1877, 1157, 4.398873195422574, 28.01424789428711, 0.1113753209018139
260, 1877, 1157, 4.2520738325165786, 29.2385311126709, 0.028963927122968375
305, 1877, 1157, 4.37400939838092, 29.846088409423828, 0.003235415558882243
350, 1877, 1157, 4.527327483463994, 28.934982299804688, 0.03246964033578726
395, 1877, 1157, 4.401166699913306, 28.058462142944336, 0.0048755059055785345
440, 1877, 1157, 3.7891167172225924, 27.77728271484375, -0.011941742861440913
80, 1877, 1337, 4.483185571766247, 27.070510864257812, 0.05667984381635349
125, 1877, 1337, 4.5750783286532535, 26.29594612121582, 0.06950631461961655
170, 1877, 1337, 4.510170908143727, 26.08370018005371, 0.053398986325697555
215, 1877, 1337, 4.539584007995428, 25.815078735351562, 0.034570010129484595
260, 1877, 1337, 4.572303715118671, 25.976455688476562, 0.04003874782976736
305, 1877, 1337, 4.343158398749052, 26.326461791992188, 0.048760086776015746
350, 1877, 1337, 4.526282371863892, 27.02313232421875, 0.035361552551754084
395, 1877, 1337, 4.502730281704687, 26.46834945678711, 0.0007300352363509669
440, 1877, 1337, 3.75125237334387, 26.29376792907715, -0.015223991522885233
80, 1877, 1517, 4.225761802800838, 25.737010955810547, 0.01102066620283027
125, 1877, 1517, 4.348755888332644, 24.683677673339844, 0.028070164227630923
170, 1877, 1517, 4.526133214796311, 24.26093292236328, 0.030972854514765204
215, 1877, 1517, 4.323811109164674, 24.537334442138672, 0.05681098902582043
260, 1877, 1517, 4.504989485538875, 24.128803253173828, 0.07856676194703563
305, 1877, 1517, 4.515922017471009, 23.359479904174805, 0.06584111127413893
350, 1877, 1517, 4.322648706111358, 23.175811767578125, 0.07230454790431184
395, 1877, 1517, 4.460715183498829, 24.283227920532227, 0.004430748023609207
440, 1877, 1517, 3.78177136666897, 24.674816131591797, 0.0022493884136421958
80, 1877, 1697, 4.358605730603094, 22.33896255493164, 0.04347929916679513
125, 1877, 1697, 4.5393166108958765, 22.33153533935547, 0.01850280231103224
170, 1877, 1697, 4.41836578506044, 22.21066665649414, -0.0007083116540977926
215, 1877, 1697, 4.604792175926582, 22.277454376220703, 0.0004921922612187764
260, 1877, 1697, 4.585231549318442, 21.730382919311523, 0.001058742103634513
305, 1877, 1697, 4.564071176782154, 21.404376983642578, 0.014807075325377922
350, 1877, 1697, 4.485739879553333, 21.633567810058594, 0.025965836294503827
395, 1877, 1697, 4.515781951112378, 22.127490997314453, 0.009518619937841045
440, 1877, 1697, 3.8157191391769496, 22.399986267089844, 0.0036616626882050533
80, 1877, 1877, 4.574734353064967, 21.79306411743164, 0.009635843978488132
125, 1877, 1877, 4.4389437815934, 21.83365249633789, 0.03510692485879311
170, 1877, 1877, 4.548628588324039, 21.913921356201172, 0.010944878732720644
215, 1877, 1877, 4.533906702486824, 21.97686195373535, 0.012674439294957677
260, 1877, 1877, 4.616373574145883, 21.921100616455078, 0.003160528226173445
305, 1877, 1877, 4.4026869396056165, 21.893224716186523, 0.0037790999106589165
350, 1877, 1877, 4.5398879802063075, 22.027435302734375, 0.006477628766898608
395, 1877, 1877, 4.518124413876338, 22.0550537109375, 0.0015837810299546048
440, 1877, 1877, 3.773305141020309, 22.084701538085938, 0.01006022116524951
