70, 50, 50, 32.07378985729385, 133.4628143310547, 0.08544637748211202
70, 50, 150, 27.737919676035947, 161.70587158203125, 0.1167468984292761
70, 50, 250, 26.065705257721888, 155.3669891357422, 0.13917816369588434
70, 50, 350, 27.394339511090525, 145.16390991210938, 0.13198516223898088
70, 50, 450, 24.69800340740379, 138.60385131835938, 0.20203055574157044
70, 50, 550, 23.904408087742656, 141.66204833984375, 0.191998883299663
70, 50, 650, 21.650490461303644, 152.33926391601562, 0.2547258844109092
70, 50, 750, 17.45156940933364, 145.98388671875, 0.2694839473159082
70, 50, 850, 20.37322940939582, 138.16082763671875, 0.2547248813717071
70, 50, 950, 21.74596458891304, 147.631103515625, 0.18995130065036234
70, 50, 1050, 17.69223437152228, 147.40646362304688, 0.2844996222343793
70, 50, 1150, 17.115265245472365, 137.92660522460938, 0.2827056958595289
70, 50, 1250, 23.08005963101571, 129.4833984375, 0.25008269881971984
70, 50, 1350, 19.0285405933845, 136.76303100585938, 0.23460419393076526
70, 50, 1450, 19.877814040418286, 141.71697998046875, 0.1950748236791565
70, 50, 1550, 24.380053155054025, 147.87240600585938, 0.22171706346006478
70, 50, 1650, 20.146645746732183, 140.79925537109375, 0.2040445146299766
70, 50, 1750, 24.96420389806974, 133.965576171875, 0.183603014706261
70, 50, 1850, 23.345092267138615, 141.28155517578125, 0.2259576704558357
70, 50, 1950, 33.771071008187064, 135.0551300048828, 0.17924472198331906
70, 150, 50, 29.384987247163867, 141.36473083496094, 0.2040441848378429
70, 150, 150, 25.778685802169246, 159.87705993652344, 0.17519663659561235
70, 150, 250, 23.779332910063562, 145.51443481445312, 0.20209278582720885
70, 150, 350, 20.917943475105815, 142.25836181640625, 0.25052639573139446
70, 150, 450, 23.03713661673508, 152.61593627929688, 0.2504963193996606
70, 150, 550, 24.055170059363988, 145.80215454101562, 0.2080457284981869
70, 150, 650, 18.851939868928866, 145.90560913085938, 0.20567584203369904
70, 150, 750, 21.369840597476482, 150.986572265625, 0.23947115587345397
70, 150, 850, 16.23724736159233, 142.89137268066406, 0.2744569641635941
70, 150, 950, 14.869557339854087, 141.0597381591797, 0.29564045787075216
70, 150, 1050, 15.034578064803108, 141.19906616210938, 0.31067290550434346
70, 150, 1150, 16.533326671526005, 136.4183349609375, 0.3073796021060739
70, 150, 1250, 24.56461216368155, 137.85186767578125, 0.22257314305950132
70, 150, 1350, 15.690295611239588, 143.99725341796875, 0.242942338076357
70, 150, 1450, 16.371298902012878, 142.02444458007812, 0.3056348985392388
70, 150, 1550, 18.47081612549933, 141.407958984375, 0.2756541242040253
70, 150, 1650, 18.73701306989718, 142.24070739746094, 0.3184574469088333
70, 150, 1750, 19.84502275669156, 133.92898559570312, 0.25177420070669326
70, 150, 1850, 23.002334705928124, 139.71279907226562, 0.20572060801919942
70, 150, 1950, 35.22551873364479, 147.57635498046875, 0.3875781858161199
70, 250, 50, 29.849062357031606, 146.24795532226562, 0.2332253019935628
70, 250, 150, 27.728148248135334, 167.17535400390625, 0.19968018413135294
70, 250, 250, 20.25594105779176, 156.1207275390625, 0.2758628155598761
70, 250, 350, 17.039075931338378, 142.32908630371094, 0.3169733024107556
70, 250, 450, 17.9162706884694, 133.8029327392578, 0.27654822565032544
70, 250, 550, 23.32330180408138, 146.11849975585938, 0.25640299417964507
70, 250, 650, 19.05890047350109, 148.45770263671875, 0.2561171623895775
70, 250, 750, 23.28368380463042, 149.36322021484375, 0.2642132117328471
70, 250, 850, 18.883173738757467, 150.1413116455078, 0.24487419266667115
70, 250, 950, 18.125184463270227, 141.0567169189453, 0.27397219831805775
70, 250, 1050, 19.09462579073849, 146.908203125, 0.2992190182608646
70, 250, 1150, 19.920103716955158, 139.10031127929688, 0.31497798005790933
70, 250, 1250, 17.13365396324345, 141.45028686523438, 0.2960812291482563
70, 250, 1350, 18.08369847439488, 137.6019744873047, 0.29419291345901
70, 250, 1450, 12.432595819103133, 141.47157287597656, 0.302933686505082
70, 250, 1550, 18.872585938055586, 143.44778442382812, 0.24351024308304717
70, 250, 1650, 18.546596476655097, 146.6949005126953, 0.28456604943947406
70, 250, 1750, 16.961900397564907, 140.54562377929688, 0.2829873960988677
70, 250, 1850, 22.404092907733087, 141.21388244628906, 0.2252434467926637
70, 250, 1950, 32.80148426454556, 160.711181640625, 0.15441245978244797
70, 350, 50, 29.385816364997538, 151.8200225830078, 0.2174113999293857
70, 350, 150, 25.1808385979204, 144.35044860839844, 0.24090021252821422
70, 350, 250, 23.200659477911298, 154.5130615234375, 0.25714203670876873
70, 350, 350, 18.906788454030664, 157.13662719726562, 0.259968514767216
70, 350, 450, 25.14686188277376, 153.88186645507812, 0.2394015217574019
70, 350, 550, 19.345317521792218, 149.52859497070312, 0.2303900593809375
70, 350, 650, 16.91433503984434, 151.56436157226562, 0.20781592385894201
70, 350, 750, 25.551307881983256, 142.70028686523438, 0.24505653651532633
70, 350, 850, 22.111632243898445, 146.4873504638672, 0.1884666227411795
70, 350, 950, 18.759731744499096, 150.34986877441406, 0.21962980995582057
70, 350, 1050, 16.118090692569435, 150.25048828125, 0.26638583952006173
70, 350, 1150, 15.151793310837126, 144.82652282714844, 0.27322345050645774
70, 350, 1250, 15.728101576132433, 146.24644470214844, 0.24985565418356454
70, 350, 1350, 23.336544128467008, 143.36721801757812, 0.18493422228383166
70, 350, 1450, 20.697171979882732, 149.26571655273438, 0.232007580371639
70, 350, 1550, 23.55413113683679, 147.6645965576172, 0.22909019526363694
70, 350, 1650, 16.539318356979816, 155.52359008789062, 0.26517654799644075
70, 350, 1750, 16.933785409819585, 150.60104370117188, 0.25991945046620063
70, 350, 1850, 20.875738593924225, 147.20993041992188, 0.22769169725615282
70, 350, 1950, 26.78867081189626, 154.82861328125, 0.19746512981002126
70, 450, 50, 21.871674961838597, 149.99237060546875, 0.16685726549017416
70, 450, 150, 18.49958233667659, 138.19747924804688, 0.24302521374375535
70, 450, 250, 22.707369876269347, 147.0958251953125, 0.2696980039951382
70, 450, 350, 15.205722447649986, 138.64236450195312, 0.2873634139388504
70, 450, 450, 21.30972552779726, 140.19766235351562, 0.26336518400944153
70, 450, 550, 16.36941885960254, 149.4561767578125, 0.25600984931883936
70, 450, 650, 17.28862506720549, 153.43663024902344, 0.3074600410185537
70, 450, 750, 15.874947821202612, 145.43856811523438, 0.2910778143812588
70, 450, 850, 16.735632126126173, 147.49359130859375, 0.2405249312836013
70, 450, 950, 18.487317657456977, 145.9891357421875, 0.23004857679860086
70, 450, 1050, 15.992962888742381, 151.959228515625, 0.22576271524991384
70, 450, 1150, 18.1081035188688, 151.0767822265625, 0.25239588104223365
70, 450, 1250, 15.603899395054054, 138.6457061767578, 0.2969205512112807
70, 450, 1350, 28.65156161232048, 136.09228515625, 0.20367748464971902
70, 450, 1450, 16.578003489288395, 150.25723266601562, 0.26577435659176857
70, 450, 1550, 15.566558268108626, 142.8560791015625, 0.2592543069168196
70, 450, 1650, 18.121977524059755, 139.7325439453125, 0.3105846877573296
70, 450, 1750, 18.35815308946262, 144.72482299804688, 0.28234634601384
70, 450, 1850, 20.665802460880155, 142.45480346679688, 0.254320782544344
70, 450, 1950, 19.796744892467895, 144.61416625976562, 0.2535721939941452
70, 550, 50, 23.063966017944857, 143.24078369140625, 0.19743652435664927
70, 550, 150, 20.570760144011462, 140.96490478515625, 0.23572225888951737
70, 550, 250, 23.53403674786662, 135.11300659179688, 0.23385508474888417
70, 550, 350, 16.815614941951193, 133.20632934570312, 0.32009088806742253
70, 550, 450, 16.734462301678327, 133.46932983398438, 0.34643357208447073
70, 550, 550, 13.600959436058748, 138.0511016845703, 0.2984466481101685
70, 550, 650, 17.13767091719114, 141.5306396484375, 0.3443920400218522
70, 550, 750, 15.56184730793027, 140.63394165039062, 0.33524262476419653
70, 550, 850, 19.824305135145607, 143.9520263671875, 0.2855398176555457
70, 550, 950, 18.9984845821029, 141.8437042236328, 0.24026177471059693
70, 550, 1050, 19.844823388012312, 152.5739288330078, 0.2446497792448498
70, 550, 1150, 15.775932149197908, 142.21963500976562, 0.31492467585128037
70, 550, 1250, 15.987314386498317, 140.7663116455078, 0.2955233519381859
70, 550, 1350, 21.281103091862143, 134.138916015625, 0.22096256452509136
70, 550, 1450, 15.491833164839347, 145.71041870117188, 0.32111032105103254
70, 550, 1550, 15.76517646638469, 140.62200927734375, 0.3291059409834913
70, 550, 1650, 15.693952997071538, 133.3252716064453, 0.31659753767707344
70, 550, 1750, 18.750569760588416, 143.22052001953125, 0.2729192723887743
70, 550, 1850, 18.049476389523075, 145.6505584716797, 0.3045291879506122
70, 550, 1950, 19.615005999844897, 141.927001953125, 0.3011714787244139
70, 650, 50, 22.764226564337953, 139.82125854492188, 0.23174976563295996
70, 650, 150, 21.370551589657996, 142.47996520996094, 0.2197840456960193
70, 650, 250, 24.903254232281252, 145.1473388671875, 0.23702476361843136
70, 650, 350, 16.443097025892786, 139.81504821777344, 0.2791662643855866
70, 650, 450, 22.916965719832465, 143.4562530517578, 0.2642797871115462
70, 650, 550, 15.472783414672666, 130.1436767578125, 0.2574106486248265
70, 650, 650, 14.397118099378003, 128.33322143554688, 0.34392723978799417
70, 650, 750, 16.21929827051171, 131.76931762695312, 0.32249703725430934
70, 650, 850, 15.319044301156971, 145.44796752929688, 0.2754922744360689
70, 650, 950, 16.599402927507793, 147.03265380859375, 0.3041375589277618
70, 650, 1050, 18.052093304867885, 146.94668579101562, 0.22062550750328264
70, 650, 1150, 13.174488279487742, 137.5469970703125, 0.3288314635798594
70, 650, 1250, 17.87898640295408, 139.43936157226562, 0.3239682053572878
70, 650, 1350, 23.072816242670037, 152.6197509765625, 0.2697665769323635
70, 650, 1450, 17.84992100902082, 139.27069091796875, 0.27731324046139777
70, 650, 1550, 14.881268181037601, 134.9605712890625, 0.3212748046196209
70, 650, 1650, 14.496031084597076, 139.9033203125, 0.3096433045009253
70, 650, 1750, 18.64953390131037, 136.26522827148438, 0.26813502446090964
70, 650, 1850, 19.154944645633396, 140.85137939453125, 0.27082697979675296
70, 650, 1950, 22.89412904432098, 157.7733612060547, 0.23918296619283266
70, 750, 50, 39.24683453160367, 122.39544677734375, 0.10842618651395926
70, 750, 150, 21.56122075782708, 133.32855224609375, 0.23659925983931837
70, 750, 250, 19.048828864924953, 136.33676147460938, 0.2616050015700075
70, 750, 350, 25.01653041669349, 137.52572631835938, 0.24203601105659361
70, 750, 450, 17.996718671337103, 141.65264892578125, 0.293417119349451
70, 750, 550, 19.62759746843658, 143.8213348388672, 0.33703947577834525
70, 750, 650, 21.515702920283278, 135.66787719726562, 0.2675927642008135
70, 750, 750, 17.635480220530596, 128.25051879882812, 0.2512490436122914
70, 750, 850, 16.753326352315323, 149.19873046875, 0.30142946235686013
70, 750, 950, 14.472730648892782, 132.53549194335938, 0.3211862730015803
70, 750, 1050, 16.75686916354098, 145.29345703125, 0.2535360619137349
70, 750, 1150, 17.17644716834931, 138.12307739257812, 0.28098120162376145
70, 750, 1250, 14.732689237808133, 128.11997985839844, 0.2997012887496241
70, 750, 1350, 17.01440751091339, 147.3079833984375, 0.2915022641880803
70, 750, 1450, 17.52695133959678, 143.27334594726562, 0.23465663216084404
70, 750, 1550, 16.75380667899281, 144.60049438476562, 0.3141489058639185
70, 750, 1650, 18.132109426470173, 145.96571350097656, 0.3451183102767984
70, 750, 1750, 15.87179914829823, 133.00694274902344, 0.264475973412147
70, 750, 1850, 18.111880153613484, 139.0481719970703, 0.2903306635747825
70, 750, 1950, 20.46760175930514, 145.80516052246094, 0.2807355736109485
70, 850, 50, 21.030034720379277, 135.69024658203125, 0.24145416244925902
70, 850, 150, 26.27630879601509, 133.7082061767578, 0.2332453052583531
70, 850, 250, 20.168591849945606, 143.55218505859375, 0.2851964405276939
70, 850, 350, 19.35253804960476, 142.84817504882812, 0.29520558975546657
70, 850, 450, 14.966735580847827, 140.54696655273438, 0.33273560758144366
70, 850, 550, 19.120652703225236, 141.4844970703125, 0.28779364079253694
70, 850, 650, 19.213132299814593, 135.56907653808594, 0.27253015646278206
70, 850, 750, 16.16510428502697, 139.71096801757812, 0.2665627540516431
70, 850, 850, 14.10467967453278, 139.73907470703125, 0.3462150055162943
70, 850, 950, 15.819090542122295, 144.5488739013672, 0.2851353731504427
70, 850, 1050, 21.105772046401114, 144.22882080078125, 0.248174372311432
70, 850, 1150, 16.941751742091125, 140.201904296875, 0.280574837582404
70, 850, 1250, 13.156634384465965, 139.49476623535156, 0.3130963546922102
70, 850, 1350, 21.774890123396066, 141.99154663085938, 0.31724636030735226
70, 850, 1450, 16.397161011859446, 133.97207641601562, 0.24381275811345082
70, 850, 1550, 24.61510006811393, 136.12472534179688, 0.2487583890833964
70, 850, 1650, 13.095528413825969, 132.8371124267578, 0.32506273779307776
70, 850, 1750, 18.056504161216353, 138.48565673828125, 0.2759556337763825
70, 850, 1850, 16.944303208638495, 140.28306579589844, 0.2745135057542304
70, 850, 1950, 21.189837473901015, 138.59628295898438, 0.2747618898772847
70, 950, 50, 24.868423123187196, 136.03836059570312, 0.19241180618490888
70, 950, 150, 16.572315366920353, 126.35173034667969, 0.227244770032424
70, 950, 250, 22.842822221475615, 149.08438110351562, 0.2595370537154728
70, 950, 350, 19.37938705947568, 139.25717163085938, 0.2490512371205901
70, 950, 450, 15.56659789444387, 139.39935302734375, 0.2959724082129357
70, 950, 550, 16.36815200076453, 137.76568603515625, 0.3187057012844379
70, 950, 650, 18.186779603685334, 143.463623046875, 0.312780931741103
70, 950, 750, 17.879022890416906, 147.07931518554688, 0.2652869715531052
70, 950, 850, 13.172982900747925, 139.50497436523438, 0.3257357955741862
70, 950, 950, 12.450798361227886, 137.96273803710938, 0.3549878403159118
70, 950, 1050, 14.815664103373454, 139.314697265625, 0.3177015424105141
70, 950, 1150, 19.0779405889064, 142.57394409179688, 0.24213894928907745
70, 950, 1250, 15.58752444425287, 142.19847106933594, 0.24233019032009034
70, 950, 1350, 25.47744304723948, 133.67575073242188, 0.27590370397584196
70, 950, 1450, 14.96760927534318, 139.73049926757812, 0.326671581906454
70, 950, 1550, 20.435554273631396, 136.11717224121094, 0.2587631331241784
70, 950, 1650, 20.57628623329387, 128.7786865234375, 0.2727671356250236
70, 950, 1750, 17.67202434777539, 134.3514404296875, 0.26372406789200814
70, 950, 1850, 18.509152955904568, 144.62632751464844, 0.19792854959091713
70, 950, 1950, 23.43449013558419, 144.1055450439453, 0.2237487104705497
70, 1050, 50, 27.577692963786728, 125.3143310546875, 0.13073673163797978
70, 1050, 150, 22.203936806666984, 126.96060180664062, 0.2117576920632511
70, 1050, 250, 15.85607565035313, 139.44821166992188, 0.31128136870707523
70, 1050, 350, 15.730977321099918, 140.5411376953125, 0.2907659544645473
70, 1050, 450, 18.11403733058772, 137.81504821777344, 0.24688803385076544
70, 1050, 550, 19.883000583671027, 139.28839111328125, 0.26125677271262093
70, 1050, 650, 19.18305185658221, 132.90484619140625, 0.30705122621881703
70, 1050, 750, 21.817004588290395, 148.95252990722656, 0.2812969351504405
70, 1050, 850, 15.171603638485696, 147.60409545898438, 0.3074631007062661
70, 1050, 950, 17.73280717474721, 147.88987731933594, 0.3355667680793394
70, 1050, 1050, 15.0480580781186, 134.1771697998047, 0.30418564261272024
70, 1050, 1150, 13.788416709281101, 132.15830993652344, 0.30135295315317345
70, 1050, 1250, 23.045505310565193, 143.6971435546875, 0.23049639075102935
70, 1050, 1350, 20.35306362076654, 145.4419708251953, 0.2660098486427095
70, 1050, 1450, 15.979774848506867, 141.69180297851562, 0.2987943704490847
70, 1050, 1550, 15.321016139442065, 147.3673858642578, 0.26878722256685067
70, 1050, 1650, 18.725566766795474, 135.4910125732422, 0.2990048474484479
70, 1050, 1750, 18.01479697299504, 143.38754272460938, 0.2930684090056096
70, 1050, 1850, 22.006795569445465, 140.81735229492188, 0.2245299053746323
70, 1050, 1950, 19.594932460096846, 137.35018920898438, 0.23017372845464493
70, 1150, 50, 23.22361385130572, 129.7692413330078, 0.17356820601145065
70, 1150, 150, 25.151231787048324, 134.6141357421875, 0.19868685920473686
70, 1150, 250, 19.102856188021036, 139.38250732421875, 0.28772085892664623
70, 1150, 350, 16.850686640770935, 135.74423217773438, 0.23286239760122787
70, 1150, 450, 23.852108620535223, 137.4313201904297, 0.22508410420175376
70, 1150, 550, 40.482984930288744, 156.68724060058594, 0.2656294308284509
70, 1150, 650, 17.42398524986881, 131.8058624267578, 0.3099672134887154
70, 1150, 750, 21.9884739403417, 129.54864501953125, 0.2931476289304535
70, 1150, 850, 30.838196101955727, 165.56268310546875, 0.319307862531681
70, 1150, 950, 40.953146344113975, 157.26425170898438, 0.2692739815845428
70, 1150, 1050, 31.943157584230963, 146.21035766601562, 0.27638597127104614
70, 1150, 1150, 21.745995411880074, 137.29373168945312, 0.2548648025852113
70, 1150, 1250, 18.190594570057492, 142.43450927734375, 0.26240629092211165
70, 1150, 1350, 19.119081752370764, 131.23304748535156, 0.2742206042745586
70, 1150, 1450, 21.255589801793793, 144.6690216064453, 0.2241112776376317
70, 1150, 1550, 21.83916926207824, 143.63442993164062, 0.2032442213525687
70, 1150, 1650, 15.626962333530848, 140.21365356445312, 0.2843960595406383
70, 1150, 1750, 15.302026998302278, 140.29225158691406, 0.31189613017883316
70, 1150, 1850, 17.86552476425776, 131.12136840820312, 0.322017567774993
70, 1150, 1950, 30.25747161638581, 119.99240112304688, 0.19263704037734633
70, 1250, 50, 24.56124793453282, 123.51670837402344, 0.18419904417590258
70, 1250, 150, 20.429566295698514, 134.91012573242188, 0.25123529437558323
70, 1250, 250, 17.566872995584454, 154.83763122558594, 0.3185950274781163
70, 1250, 350, 14.452628580400882, 136.2477569580078, 0.33538870888897243
70, 1250, 450, 14.405643078235977, 137.92218017578125, 0.3148684119211615
70, 1250, 550, 15.165208173808953, 138.47970581054688, 0.3274321175669098
70, 1250, 650, 18.503363483262824, 140.384765625, 0.3233158759014874
70, 1250, 750, 19.5102476350078, 140.48135375976562, 0.2699244506421002
70, 1250, 850, 23.371470788712763, 154.20025634765625, 0.2906717584185298
70, 1250, 950, 20.85037872736625, 153.99462890625, 0.25329954456778564
70, 1250, 1050, 16.98374312204709, 134.81289672851562, 0.2932470652986473
70, 1250, 1150, 19.16749491723965, 130.13839721679688, 0.2568175664843179
70, 1250, 1250, 14.08797356446563, 132.04576110839844, 0.3002022459408232
70, 1250, 1350, 14.731855310652966, 139.3157501220703, 0.3221826426163145
70, 1250, 1450, 20.94523438184877, 138.68124389648438, 0.2338712438777429
70, 1250, 1550, 25.249568643572943, 142.66490173339844, 0.24872910925476152
70, 1250, 1650, 18.08176507525396, 133.91668701171875, 0.26480798229189634
70, 1250, 1750, 28.976543520959293, 121.9963607788086, 0.21206398363122536
70, 1250, 1850, 22.306467886418176, 118.46694946289062, 0.16421124275178428
70, 1250, 1950, 19.00139933193436, 129.65280151367188, 0.2703850798814617
70, 1350, 50, 21.290786553350713, 129.94168090820312, 0.2108964016408476
70, 1350, 150, 22.0784494351276, 135.87612915039062, 0.2653044033973046
70, 1350, 250, 19.869581023352303, 159.6159210205078, 0.2729729509906205
70, 1350, 350, 13.860043198744544, 134.816650390625, 0.30820944678277407
70, 1350, 450, 14.107817373571963, 137.81430053710938, 0.2874708985160027
70, 1350, 550, 24.331521046096043, 145.9029998779297, 0.28201629452816007
70, 1350, 650, 17.34466751312922, 161.9947052001953, 0.2778589887193547
70, 1350, 750, 28.304815225929687, 167.75067138671875, 0.26825276227902056
70, 1350, 850, 31.096742320193655, 160.92486572265625, 0.27394550936547646
70, 1350, 950, 23.347691889241126, 137.03854370117188, 0.22633256250447711
70, 1350, 1050, 15.7276368757535, 136.84255981445312, 0.29717148218752054
70, 1350, 1150, 15.35455488414494, 143.87081909179688, 0.329568278704897
70, 1350, 1250, 14.37698409738281, 141.80050659179688, 0.2888974010174844
70, 1350, 1350, 24.607567226598213, 138.87310791015625, 0.26605908447135457
70, 1350, 1450, 12.61149106961875, 143.34286499023438, 0.3251082370100677
70, 1350, 1550, 19.516337112056693, 139.19361877441406, 0.29951213222210954
70, 1350, 1650, 19.38433394216346, 120.7926025390625, 0.18610449519229436
70, 1350, 1750, 19.014940842538763, 116.95024108886719, 0.1531015260129846
70, 1350, 1850, 21.95865643700346, 123.34988403320312, 0.23603167027301444
70, 1350, 1950, 18.95835530743878, 140.29623413085938, 0.2927699647470503
70, 1450, 50, 31.118717241194776, 136.0781707763672, 0.10257438860242829
70, 1450, 150, 27.832623670397734, 137.5897674560547, 0.17616769625181924
70, 1450, 250, 24.667402752731412, 151.88949584960938, 0.2716771254499201
70, 1450, 350, 20.05095504840289, 144.906982421875, 0.25023892166080736
70, 1450, 450, 22.87145885622162, 150.40435791015625, 0.2435390532411864
70, 1450, 550, 20.366053555327195, 157.77005004882812, 0.24891639537285618
70, 1450, 650, 23.39231299906778, 147.14842224121094, 0.23023740684278982
70, 1450, 750, 16.347564016394603, 136.39019775390625, 0.25784590798487916
70, 1450, 850, 14.749654282487535, 141.2886505126953, 0.3221947305293392
70, 1450, 950, 17.552565611450206, 147.234375, 0.3101602411568841
70, 1450, 1050, 22.45525813897716, 150.35052490234375, 0.21411964174784417
70, 1450, 1150, 28.11874504924621, 150.07769775390625, 0.16132145682800494
70, 1450, 1250, 22.695148024401213, 147.59075927734375, 0.19679250590943087
70, 1450, 1350, 28.577263187223895, 152.80633544921875, 0.23076687035306384
70, 1450, 1450, 18.716999284714003, 150.33255004882812, 0.22645584154103796
70, 1450, 1550, 22.81977950070433, 144.69998168945312, 0.246140742212167
70, 1450, 1650, 19.713666761283662, 127.06880187988281, 0.2382167662618431
70, 1450, 1750, 16.923444953968065, 117.14081573486328, 0.17742134198427295
70, 1450, 1850, 19.110185654960635, 134.83871459960938, 0.28920353528288945
70, 1450, 1950, 24.08014471934672, 150.79034423828125, 0.2338282798209393
70, 1550, 50, 33.68644158230499, 150.4481201171875, 0.12814054545594517
70, 1550, 150, 27.60435374903766, 149.2738037109375, 0.12055838341284751
70, 1550, 250, 23.69560208146639, 149.96376037597656, 0.18460330966035998
70, 1550, 350, 23.359687729840704, 144.25076293945312, 0.17552291682044405
70, 1550, 450, 21.812167970094208, 144.74591064453125, 0.17761164913414879
70, 1550, 550, 19.73967700645824, 147.31298828125, 0.18004155185477488
70, 1550, 650, 23.39997978374919, 145.857421875, 0.1771216486538966
70, 1550, 750, 22.13006871386808, 146.78225708007812, 0.18463703100282322
70, 1550, 850, 23.741834365525893, 148.43832397460938, 0.1913456732259531
70, 1550, 950, 24.452261526135032, 147.33749389648438, 0.18557618485188518
70, 1550, 1050, 25.02464264698852, 146.48306274414062, 0.15968549673432264
70, 1550, 1150, 23.152547235318767, 149.18247985839844, 0.15985114763851763
70, 1550, 1250, 25.770893915789916, 153.87442016601562, 0.2326697354837328
70, 1550, 1350, 29.698160561230406, 152.76882934570312, 0.19615559672244265
70, 1550, 1450, 22.962036659314503, 152.61474609375, 0.22607883634527817
70, 1550, 1550, 24.654668035270785, 157.0677490234375, 0.231674342432931
70, 1550, 1650, 22.937020267353176, 162.25396728515625, 0.20764895378693893
70, 1550, 1750, 19.848714853473385, 156.0047149658203, 0.20372638923833677
70, 1550, 1850, 31.55361655367856, 160.30853271484375, 0.19181153556900954
70, 1550, 1950, 24.073509021467675, 155.3040771484375, 0.2272975760652384
70, 1650, 50, 33.5085308677925, 161.65069580078125, 0.17661934885456695
70, 1650, 150, 26.456287681472812, 156.03102111816406, 0.13158757841305208
70, 1650, 250, 20.458091660623335, 153.6998748779297, 0.18012305940928958
70, 1650, 350, 17.774019859952162, 156.43130493164062, 0.16336890422859668
70, 1650, 450, 17.962775944692716, 151.5250244140625, 0.2045540955892682
70, 1650, 550, 18.80187903113349, 145.44845581054688, 0.2409966599347792
70, 1650, 650, 21.94232226387118, 133.55540466308594, 0.1898396497242613
70, 1650, 750, 21.456795719890003, 142.271728515625, 0.20408954102375415
70, 1650, 850, 17.009556143078523, 149.21490478515625, 0.22802850067297958
70, 1650, 950, 17.998590749123874, 151.24810791015625, 0.23989648134250277
70, 1650, 1050, 15.100790222378825, 144.93783569335938, 0.2512637830337014
70, 1650, 1150, 19.942295186370117, 142.25732421875, 0.232476455453574
70, 1650, 1250, 18.014043297875165, 140.59320068359375, 0.23364256347624063
70, 1650, 1350, 18.134482252535392, 137.77967834472656, 0.2798377895952781
70, 1650, 1450, 16.65397761190173, 137.76397705078125, 0.2812106196107791
70, 1650, 1550, 18.602464252742077, 145.4677734375, 0.28866986818977775
70, 1650, 1650, 16.42047948962432, 148.61328125, 0.2843748762928177
70, 1650, 1750, 21.700558043272245, 153.556884765625, 0.2866650112001318
70, 1650, 1850, 30.394793194132266, 158.08633422851562, 0.21427236466541785
70, 1650, 1950, 24.258320399996478, 164.6156005859375, 0.20046737680766924
70, 1750, 50, 34.29636467494631, 154.43734741210938, 0.16237963942272007
70, 1750, 150, 25.33760517234851, 154.013671875, 0.16682879719422525
70, 1750, 250, 25.62526842092013, 158.22634887695312, 0.14170398784192928
70, 1750, 350, 22.4982367953012, 157.48048400878906, 0.21135305759755185
70, 1750, 450, 22.152240743618343, 143.58892822265625, 0.2089511481504625
70, 1750, 550, 18.709775305195613, 137.88418579101562, 0.21176881246235818
70, 1750, 650, 19.354698526026578, 128.4156494140625, 0.24243974012739536
70, 1750, 750, 17.976121621430043, 143.80258178710938, 0.31094087811904564
70, 1750, 850, 18.905580042710294, 147.90957641601562, 0.2777161013297647
70, 1750, 950, 22.30956824311476, 158.75299072265625, 0.2548260836387822
70, 1750, 1050, 15.382471190946475, 136.07725524902344, 0.30390841074559183
70, 1750, 1150, 18.102356758863557, 134.97592163085938, 0.29438811869897136
70, 1750, 1250, 14.103161888307044, 136.69754028320312, 0.278723644763101
70, 1750, 1350, 18.142472151653042, 131.77471923828125, 0.2631597735725356
70, 1750, 1450, 17.939996393872576, 127.6608657836914, 0.24550052495475083
70, 1750, 1550, 20.54544568623611, 146.2300567626953, 0.2459550061344602
70, 1750, 1650, 15.611066295407594, 133.8873291015625, 0.2860691211863291
70, 1750, 1750, 18.156915244267434, 138.32196044921875, 0.293939327082948
70, 1750, 1850, 23.757279901309534, 141.2035369873047, 0.2731738877054426
70, 1750, 1950, 33.50879272295537, 140.08743286132812, 0.22959692053925862
70, 1850, 50, 35.035760229410315, 144.6885986328125, 0.13413458590216384
70, 1850, 150, 27.310909100924523, 156.42401123046875, 0.180502635039123
70, 1850, 250, 28.20608332564933, 155.31849670410156, 0.15362092324342264
70, 1850, 350, 34.96168907569161, 161.80685424804688, 0.16585137755351279
70, 1850, 450, 22.755533097224607, 151.82220458984375, 0.22863591099615338
70, 1850, 550, 22.48370745068895, 145.8787841796875, 0.1839382985586737
70, 1850, 650, 19.743927896886994, 140.37789916992188, 0.30222198240214837
70, 1850, 750, 19.369245577045202, 141.7202606201172, 0.2861492934601372
70, 1850, 850, 17.408927054751153, 139.6106719970703, 0.27909861510978723
70, 1850, 950, 14.313237839596104, 143.2338409423828, 0.3137405799776187
70, 1850, 1050, 14.452204779352533, 130.28857421875, 0.3439894284336626
70, 1850, 1150, 22.61250007620991, 133.74642944335938, 0.2708422943242285
70, 1850, 1250, 18.454737911973407, 133.91763305664062, 0.2924342934083606
70, 1850, 1350, 18.43475463014892, 145.65155029296875, 0.30631273872509945
70, 1850, 1450, 19.99496235308807, 142.55056762695312, 0.29194624673458763
70, 1850, 1550, 19.332571253317468, 151.39303588867188, 0.2863500177319147
70, 1850, 1650, 24.314282503368673, 143.31472778320312, 0.17807021905444884
70, 1850, 1750, 18.90794232970134, 137.4354248046875, 0.25237993182840085
70, 1850, 1850, 21.743057135084797, 147.21771240234375, 0.271488934385167
70, 1850, 1950, 29.909261209374613, 155.76943969726562, 0.2515549213189675
70, 1950, 50, 31.841746266375168, 123.62845611572266, 0.10579140101668964
70, 1950, 150, 33.9172691451023, 139.99786376953125, 0.17604034779646868
70, 1950, 250, 31.701981287472773, 149.70950317382812, 0.1450957260236113
70, 1950, 350, 27.962511359575903, 158.39544677734375, 0.20215616311583626
70, 1950, 450, 27.600009417145888, 149.53843688964844, 0.13262391796009615
70, 1950, 550, 22.012991798799124, 162.1707305908203, 0.19663945936636687
70, 1950, 650, 20.097094018141924, 153.1842041015625, 0.18521697200271792
70, 1950, 750, 21.342389860766975, 144.17770385742188, 0.17236611391425555
70, 1950, 850, 20.447972169877758, 136.242919921875, 0.17827316846715577
70, 1950, 950, 20.04129501999966, 137.49929809570312, 0.23755432001879606
70, 1950, 1050, 24.89410141917576, 142.9544677734375, 0.32050921945300753
70, 1950, 1150, 18.611390327016338, 140.31301879882812, 0.34059780586935684
70, 1950, 1250, 19.103926383035564, 139.9585418701172, 0.3088144341142854
70, 1950, 1350, 23.21234760450967, 146.43716430664062, 0.255514719642773
70, 1950, 1450, 19.913576559597438, 139.33407592773438, 0.21298032377491669
70, 1950, 1550, 28.500235407950345, 147.29254150390625, 0.24404087231968594
70, 1950, 1650, 24.285218877756236, 156.51239013671875, 0.20783313628474082
70, 1950, 1750, 22.212972050593116, 148.207763671875, 0.24616765005331873
70, 1950, 1850, 28.628051785557787, 151.057373046875, 0.16425859619270464
70, 1950, 1950, 26.055499599919134, 146.14205932617188, 0.16927731924730557
