82, 77, 77, -1, 41.66891098022461, nan
127, 77, 77, -1, 40.40381622314453, nan
172, 77, 77, -1, 40.174774169921875, nan
217, 77, 77, -1, 41.163047790527344, nan
262, 77, 77, -1, 42.71533203125, nan
307, 77, 77, -1, 42.17133712768555, nan
82, 77, 257, -1, 49.610206604003906, nan
127, 77, 257, -1, 50.45665740966797, nan
172, 77, 257, -1, 49.83778762817383, nan
217, 77, 257, -1, 48.560604095458984, nan
262, 77, 257, -1, 48.042503356933594, nan
307, 77, 257, -1, 47.70841598510742, nan
82, 77, 437, 4.647218474215468, 84.3228759765625, -0.018817392193417354
127, 77, 437, 4.610957855821291, 84.84687805175781, -0.027494811870454133
172, 77, 437, 4.699750170498945, 83.50514221191406, -0.04755903020259229
217, 77, 437, 4.709942715322594, 79.57032012939453, -0.03845663999113818
262, 77, 437, 4.54467965317396, 78.52774047851562, 0.00895656679456187
307, 77, 437, 4.5292446355112075, 77.91085815429688, -0.005442281403670302
82, 77, 617, 4.573288978731918, 87.99546813964844, 0.043519434655193194
127, 77, 617, 4.602068949001987, 87.38919830322266, 0.11287096309778531
172, 77, 617, 4.5679053769499065, 87.02711486816406, 0.08990647423772606
217, 77, 617, 4.591356979390845, 88.40115356445312, 0.021858651458969744
262, 77, 617, 4.6001084062466235, 89.94532775878906, 0.05732000596652229
307, 77, 617, 4.532047559714814, 90.75333404541016, 0.03137407145699199
82, 77, 797, 4.522702600694272, 90.0168228149414, 0.057377868052937556
127, 77, 797, 4.590489630062731, 90.14649200439453, 0.04646462444583641
172, 77, 797, 4.546452841219271, 89.66130065917969, 0.032366174245174816
217, 77, 797, 4.659062294670159, 91.77943420410156, 0.014057910546840623
262, 77, 797, 4.297671620579356, 91.11195373535156, 0.04700944977588667
307, 77, 797, 4.51299307436689, 89.47695922851562, 0.04214493130052264
82, 77, 977, 4.61767332720126, 84.00679016113281, 0.02632399245143185
127, 77, 977, 4.536392809941738, 84.51016998291016, 0.029336853069617006
172, 77, 977, 4.729931628148926, 84.90153503417969, 0.018245708288433676
217, 77, 977, 4.259125851977095, 83.0179443359375, 0.03764169005642061
262, 77, 977, 4.599812041927965, 84.3627700805664, 0.024427086763035316
307, 77, 977, 4.59520605415534, 85.83389282226562, 0.026195589876011043
82, 77, 1157, 4.380771507684747, 86.30924987792969, 0.08549715961683742
127, 77, 1157, 4.550833179624938, 88.62240600585938, 0.033961612775019856
172, 77, 1157, 4.614723430569657, 90.01651763916016, 0.046103924447789935
217, 77, 1157, 4.599464478008176, 88.9703369140625, 0.06396629446479522
262, 77, 1157, 4.667083836870005, 88.15424346923828, 0.06699829969348796
307, 77, 1157, 4.519200240540536, 89.85244750976562, 0.023237542376979534
82, 77, 1337, 4.728263611464638, 81.1072998046875, 0.06944191432588033
127, 77, 1337, 4.646008966579278, 78.9952392578125, 0.06745401331510174
172, 77, 1337, 4.7069819576195195, 79.70367431640625, 0.06615336877737404
217, 77, 1337, 4.65264060442648, 81.81587219238281, 0.04160708027989149
262, 77, 1337, 4.646740373936251, 82.38185119628906, 0.0334803781624692
307, 77, 1337, 4.67191316862556, 82.9947509765625, 0.044528613484780405
82, 77, 1517, 4.521921107590339, 74.57978820800781, 0.021150023683784522
127, 77, 1517, 4.517805011851494, 73.53779602050781, 0.02841402619011443
172, 77, 1517, 4.557381858120745, 72.15420532226562, 0.0274016448779518
217, 77, 1517, 4.52884799250102, 73.38392639160156, 0.023384930857891426
262, 77, 1517, 4.331711616754628, 73.8846435546875, 0.025058872435091556
307, 77, 1517, 4.6667986334688845, 73.66737365722656, 0.018690283002600748
82, 77, 1697, 4.483889704123003, 69.91767883300781, 0.04087347358568995
127, 77, 1697, 4.462432623267647, 70.60943603515625, 0.047503651866726455
172, 77, 1697, 4.549139899795641, 72.37086486816406, 0.029208844796461277
217, 77, 1697, 4.510021707394902, 74.46958923339844, 0.01843870389698633
262, 77, 1697, 4.3207399959562265, 74.56804656982422, 0.00966645945521283
307, 77, 1697, 4.3904597402349435, 74.3552474975586, 0.015626794651160833
82, 77, 1877, 4.611767874144185, 73.91023254394531, 0.03663943620797604
127, 77, 1877, 4.607309245225471, 72.29570007324219, 0.022203391094284226
172, 77, 1877, 4.637113531140929, 72.26945495605469, 0.02192353435742436
217, 77, 1877, 4.60354312540012, 71.71353912353516, 0.021395716685966456
262, 77, 1877, 4.5445631135156415, 71.43113708496094, 0.026070242069520376
307, 77, 1877, 4.639698156819826, 72.12004089355469, 0.025849058860165152
82, 257, 77, -1, 52.0593147277832, nan
127, 257, 77, -1, 52.836082458496094, nan
172, 257, 77, -1, 51.25506591796875, nan
217, 257, 77, -1, 49.661312103271484, nan
262, 257, 77, -1, 48.94466781616211, nan
307, 257, 77, -1, 47.6451301574707, nan
82, 257, 257, -1, 45.81730651855469, nan
127, 257, 257, -1, 46.21612548828125, nan
172, 257, 257, -1, 46.749107360839844, nan
217, 257, 257, -1, 47.28444290161133, nan
262, 257, 257, -1, 47.503883361816406, nan
307, 257, 257, -1, 48.14485549926758, nan
82, 257, 437, 4.4851702821966715, 83.8144302368164, -0.005537977702439999
127, 257, 437, 4.525184706748006, 83.75003051757812, -0.009277846729830367
172, 257, 437, 4.540682875571624, 84.15423583984375, -0.0037590266742687046
217, 257, 437, 4.48344410875908, 83.4770278930664, -0.015308062395285076
262, 257, 437, 4.504320910961776, 82.54510498046875, 8.365256908142045e-05
307, 257, 437, 4.548410186204027, 83.30299377441406, 0.0030859562308304727
82, 257, 617, 4.52454718563115, 90.40933227539062, 0.022765146046349678
127, 257, 617, 4.338544624880163, 91.58489990234375, 0.007841996748502809
172, 257, 617, 4.519108693457603, 89.30973815917969, 0.024038377140017015
217, 257, 617, 4.5436524154357825, 89.56513977050781, 0.05352088409692537
262, 257, 617, 4.3753532993111754, 90.33488464355469, 0.045453438112922184
307, 257, 617, 4.3338823163099125, 89.45610046386719, 0.046718827460453895
82, 257, 797, 4.62201627660301, 89.18211364746094, 0.04133921313319944
127, 257, 797, 4.5327003784017865, 87.50811767578125, 0.03751333886786582
172, 257, 797, 4.468457543244041, 86.005859375, 0.04021013636940777
217, 257, 797, 4.551334294472106, 86.83699035644531, 0.040007068703727604
262, 257, 797, 4.661842157187906, 86.25924682617188, 0.04082627521189519
307, 257, 797, 4.613768028397259, 86.7677001953125, 0.00491678749320499
82, 257, 977, 4.482253561183344, 88.95706176757812, 0.024455445555790215
127, 257, 977, 4.40113358479534, 89.23515319824219, 0.03210211070509541
172, 257, 977, 4.482112985881359, 89.65061950683594, 0.029075692198751862
217, 257, 977, 4.385445082567548, 88.76625061035156, 0.027976678501280824
262, 257, 977, 4.49111328270947, 87.56149291992188, 0.005277994916783793
307, 257, 977, 4.437630857401235, 87.62236022949219, 0.012919331992467338
82, 257, 1157, 4.692667114425338, 84.18559265136719, 0.025078812854695022
127, 257, 1157, 4.415019012714993, 83.51316833496094, 0.028509390390837216
172, 257, 1157, 4.581387513571669, 84.31501007080078, 0.054211107379639634
217, 257, 1157, 4.559496488387992, 84.63516235351562, 0.0800648918808458
262, 257, 1157, 4.261817662676941, 83.82408142089844, 0.06055836374732333
307, 257, 1157, 4.380175894175993, 84.08883666992188, 0.0353039520059738
82, 257, 1337, 4.619418788141463, 85.77722930908203, 0.026438808179056736
127, 257, 1337, 4.449947009886832, 84.63197326660156, 0.0544924864786094
172, 257, 1337, 4.644566252164787, 85.7567138671875, 0.04262482610434814
217, 257, 1337, 4.529089207841819, 86.62403106689453, 0.0481071083785765
262, 257, 1337, 4.561334491199325, 85.73318481445312, 0.057522671928685924
307, 257, 1337, 4.630890488408182, 86.67010498046875, 0.030714823555838027
82, 257, 1517, 4.5038707209454465, 86.22547912597656, 0.06317650324544759
127, 257, 1517, 4.530812346368588, 85.42259979248047, 0.030658282665329276
172, 257, 1517, 4.503964889451916, 84.45472717285156, 0.04347070276383048
217, 257, 1517, 4.576089673979895, 83.47781372070312, 0.027737394339385494
262, 257, 1517, 4.563499937667832, 82.05333709716797, 0.034962500809851825
307, 257, 1517, 4.23923159390707, 81.92495727539062, 0.019459428603701298
82, 257, 1697, 4.508543227754302, 79.8668212890625, 0.05903114031557467
127, 257, 1697, 4.439813218201298, 81.62930297851562, 0.025189954552805916
172, 257, 1697, 4.665304242044085, 82.03917694091797, 0.0374710884598438
217, 257, 1697, 4.4769863581589044, 82.8770751953125, 0.039267794484211
262, 257, 1697, 4.637733159691366, 81.67198181152344, 0.04117071436923051
307, 257, 1697, 4.5674685494534195, 79.96540832519531, 0.008910365870498652
82, 257, 1877, 4.621681221063203, 73.5203857421875, 0.05517346982043027
127, 257, 1877, 4.263333209552249, 73.53453826904297, 0.04353035293296321
172, 257, 1877, 4.567291593553672, 73.67241668701172, 0.025258630953223286
217, 257, 1877, 4.55125710096664, 74.84486389160156, 0.0360040783246923
262, 257, 1877, 4.613231164719701, 75.58551788330078, 0.02861362387709877
307, 257, 1877, 4.632625528572878, 76.3175048828125, 0.011876585597687568
82, 437, 77, -1, 49.657737731933594, nan
127, 437, 77, -1, 49.87274169921875, nan
172, 437, 77, -1, 49.284610748291016, nan
217, 437, 77, -1, 48.301700592041016, nan
262, 437, 77, -1, 48.147735595703125, nan
307, 437, 77, -1, 48.12501907348633, nan
82, 437, 257, -1, 45.59196090698242, nan
127, 437, 257, -1, 44.90330123901367, nan
172, 437, 257, -1, 44.472293853759766, nan
217, 437, 257, -1, 45.86566162109375, nan
262, 437, 257, -1, 46.63376235961914, nan
307, 437, 257, -1, 47.41007995605469, nan
82, 437, 437, 4.5968591067409585, 78.05233001708984, 0.03106197156603469
127, 437, 437, 4.499400235614887, 78.37903594970703, 0.023038011784547886
172, 437, 437, 4.634517607534515, 77.89691162109375, 0.0201060021147661
217, 437, 437, 4.209400792580548, 76.38944244384766, 0.041756822408174125
262, 437, 437, 4.580375158681629, 75.93202209472656, 0.024661848228707508
307, 437, 437, 4.64163762379525, 76.01660919189453, 0.011078827212778109
82, 437, 617, 4.546202746323347, 89.84500122070312, 0.024557142269760742
127, 437, 617, 4.251227037491961, 90.02450561523438, 0.04481680139951876
172, 437, 617, 4.531495910515768, 90.02569580078125, 0.043378822082879
217, 437, 617, 4.399372322407196, 87.94935607910156, 0.08360882130592305
262, 437, 617, 4.556802981425549, 88.18521118164062, 0.0535426013338634
307, 437, 617, 4.108855907081337, 88.56996154785156, 0.018615423547937625
82, 437, 797, 4.468474322418023, 86.7514419555664, 0.042462757934174214
127, 437, 797, 4.579498013325446, 85.8835220336914, 0.04417307878712898
172, 437, 797, 4.49624050249994, 85.0732421875, 0.061207864176412184
217, 437, 797, 4.246062512471246, 85.96099853515625, 0.06862499020952639
262, 437, 797, 4.633261561978458, 87.81211853027344, 0.05821251271162544
307, 437, 797, 4.692789986514466, 88.28717041015625, 0.04716065022494543
82, 437, 977, 4.548364706743709, 92.18417358398438, 0.011840822462470504
127, 437, 977, 4.545297715144447, 96.27095031738281, 0.019242997985113423
172, 437, 977, 4.5750099750697215, 97.34574890136719, 0.007286844482865849
217, 437, 977, 4.5640267212346, 98.62060546875, 0.007529528748668685
262, 437, 977, 4.524987319736719, 98.84561157226562, 0.039816004602299136
307, 437, 977, 4.560762119512934, 96.29353332519531, 0.05456408155125745
82, 437, 1157, 4.553412204453353, 92.34133911132812, 0.03561871974509684
127, 437, 1157, 4.329392979790267, 93.67202758789062, 0.021414870082228317
172, 437, 1157, 4.497569515304539, 94.12034606933594, 0.03137218290410418
217, 437, 1157, 4.625484598446015, 93.81523132324219, 0.061978962157221984
262, 437, 1157, 4.413439122111915, 91.54537963867188, 0.04744290580557432
307, 437, 1157, 4.66371608867084, 89.609130859375, 0.029876111643267096
82, 437, 1337, 4.487202344286178, 86.29110717773438, 0.0256491664495037
127, 437, 1337, 4.566979515570451, 84.67521667480469, 0.06754647719758136
172, 437, 1337, 4.515536989764638, 84.89964294433594, 0.08522742015415055
217, 437, 1337, 4.666326269660343, 85.00874328613281, 0.020822027207837025
262, 437, 1337, 4.368992258509376, 85.8805923461914, 0.07440748141089547
307, 437, 1337, 4.626580864611274, 85.28135681152344, 0.051065136834479725
82, 437, 1517, 4.562385917298576, 82.26936340332031, 0.03366681602374379
127, 437, 1517, 4.594701413532054, 82.21182250976562, 0.05031444686035387
172, 437, 1517, 4.532144827498461, 84.67552185058594, 0.04914139364220812
217, 437, 1517, 4.402903051034357, 83.09780883789062, 0.02942234130795091
262, 437, 1517, 4.686274065575998, 79.94428253173828, 0.05073413331364646
307, 437, 1517, 4.538021231911136, 79.4950180053711, 0.03283429299200508
82, 437, 1697, 4.566870045058183, 76.46871948242188, 0.03224400526456306
127, 437, 1697, 4.604446373360397, 76.63666534423828, 0.09809779059013031
172, 437, 1697, 4.5501574776615685, 77.0855712890625, 0.13362090660906156
217, 437, 1697, 4.447681170866371, 76.60990905761719, 0.1380434107570921
262, 437, 1697, 4.6400008640091155, 77.91917419433594, 0.11508030801617002
307, 437, 1697, 4.5521095369469196, 78.46656799316406, 0.07151556691717391
82, 437, 1877, 4.645210360492832, 86.1557846069336, 0.057510522289307225
127, 437, 1877, 4.505429454555942, 86.08891296386719, 0.07397465931711512
172, 437, 1877, 4.584271059175625, 89.67568969726562, 0.1085191511178638
217, 437, 1877, 4.6115448851234, 90.52845764160156, 0.18398810154710932
262, 437, 1877, 4.580058680338657, 87.82270812988281, 0.17149875022600722
307, 437, 1877, 4.498068223504607, 85.01847839355469, 0.08599583065873605
82, 617, 77, -1, 46.52721405029297, nan
127, 617, 77, -1, 46.99533462524414, nan
172, 617, 77, -1, 48.06742477416992, nan
217, 617, 77, -1, 49.34865188598633, nan
262, 617, 77, -1, 49.26974868774414, nan
307, 617, 77, -1, 48.73689270019531, nan
82, 617, 257, -1, 42.734737396240234, nan
127, 617, 257, -1, 43.249595642089844, nan
172, 617, 257, -1, 43.604793548583984, nan
217, 617, 257, -1, 44.29706573486328, nan
262, 617, 257, -1, 44.958099365234375, nan
307, 617, 257, -1, 44.896785736083984, nan
82, 617, 437, 4.539991181897284, 73.17408752441406, 0.0770101971260679
127, 617, 437, 4.566659964406388, 73.87893676757812, 0.03246133047697786
172, 617, 437, 4.534774855893343, 74.53550720214844, 0.037147019066840856
217, 617, 437, 4.587384378938465, 74.45077514648438, 0.03272116967160868
262, 617, 437, 4.562605783169137, 74.09576416015625, 0.016482648833233863
307, 617, 437, 4.480625752579477, 74.3070297241211, 0.009943533014181676
82, 617, 617, 4.573705983825647, 86.20645141601562, 0.03085573045465991
127, 617, 617, 4.58301775686256, 85.27371215820312, 0.0357630118205135
172, 617, 617, 4.595279615922257, 85.9746322631836, 0.03975602325795468
217, 617, 617, 4.5714191946703515, 83.42736053466797, 0.04100995760967569
262, 617, 617, 4.562207879407058, 82.39410400390625, 0.049974591301272096
307, 617, 617, 4.629644296360826, 82.72630310058594, 0.029277386328960934
82, 617, 797, 4.580886094233051, 95.16897583007812, 0.006383602120964114
127, 617, 797, 4.426283041966832, 94.72129821777344, 0.03188050270478529
172, 617, 797, 4.4429784073326175, 97.57245635986328, -0.0023297252918107183
217, 617, 797, 4.430534844234453, 96.6951904296875, 0.004215020989815166
262, 617, 797, 4.360199911499716, 95.16954803466797, 0.05890048874462359
307, 617, 797, 4.532517402739949, 93.72831726074219, 0.06589029351198376
82, 617, 977, 4.56698746086652, 90.2251205444336, 0.11170000914842307
127, 617, 977, 4.673130208996367, 90.6214828491211, 0.10029127806095793
172, 617, 977, 4.3931409380692275, 89.4804458618164, 0.09870128013509362
217, 617, 977, 4.500107660571621, 89.9958724975586, 0.06242094623613144
262, 617, 977, 4.431647337316634, 86.3187255859375, 0.03550532933555548
307, 617, 977, 4.270707548772416, 86.99136352539062, 0.01438730522561888
82, 617, 1157, 4.546580027443872, 70.01872253417969, 0.08646316124195495
127, 617, 1157, 4.589320865903773, 68.65116882324219, 0.014635640745311197
172, 617, 1157, 4.511283451303071, 68.5394287109375, 0.047318729626900674
217, 617, 1157, 4.5225182049675094, 69.9053955078125, 0.05307772254204492
262, 617, 1157, 4.672609072227325, 70.15496826171875, 0.041026916391639294
307, 617, 1157, 4.622814635187112, 70.36463928222656, 0.001868000634410936
82, 617, 1337, 4.380687758711957, 86.33650207519531, 0.10293352642119256
127, 617, 1337, 4.675487463613102, 85.26551818847656, 0.06643732796471535
172, 617, 1337, 4.592176064361936, 83.30155944824219, 0.1112826031036349
217, 617, 1337, 4.603949436092198, 81.70030212402344, 0.10743965760362544
262, 617, 1337, 4.580720618134534, 81.74398803710938, 0.0720533167259817
307, 617, 1337, 4.52245012080501, 81.57950592041016, 0.009760707032412531
82, 617, 1517, 4.621553189313639, 80.37371063232422, 0.03347095388608745
127, 617, 1517, 4.5498234158033695, 80.874755859375, 0.09733293484156133
172, 617, 1517, 4.09766061780643, 79.77250671386719, 0.16557697129746263
217, 617, 1517, 4.311511791009005, 80.81294250488281, 0.1488542897925595
262, 617, 1517, 4.275086826443719, 80.66533660888672, 0.10553133153706995
307, 617, 1517, 4.5092806207734135, 80.54889678955078, 0.035767860551719745
82, 617, 1697, 4.64130533950292, 74.2932357788086, 0.042131211080149576
127, 617, 1697, 4.562458208731478, 73.63275909423828, 0.026265039428712018
172, 617, 1697, 4.51385574019657, 72.28878784179688, 0.03437696485002525
217, 617, 1697, 4.571692616430794, 72.79905700683594, 0.11152495201599273
262, 617, 1697, 4.544110011080225, 74.98628234863281, 0.09535105334235136
307, 617, 1697, 4.528858281697892, 77.28392028808594, 0.03441646458303987
82, 617, 1877, 4.59371872226295, 72.79121398925781, 0.06623963891570982
127, 617, 1877, 4.4044706512214296, 71.808349609375, 0.07493894433949372
172, 617, 1877, 4.6530822860986225, 72.22904968261719, 0.038361647425595016
217, 617, 1877, 4.6181529850307745, 72.35002136230469, 0.060219589738668755
262, 617, 1877, 4.653990025727799, 74.73770141601562, 0.06626855235157061
307, 617, 1877, 4.561882033605832, 74.61898803710938, 0.022497567785443984
82, 797, 77, -1, 47.666847229003906, nan
127, 797, 77, -1, 47.30290985107422, nan
172, 797, 77, -1, 46.555477142333984, nan
217, 797, 77, -1, 45.79695129394531, nan
262, 797, 77, -1, 46.20338439941406, nan
307, 797, 77, -1, 47.4273567199707, nan
82, 797, 257, -1, 42.166866302490234, nan
127, 797, 257, -1, 42.3038330078125, nan
172, 797, 257, -1, 42.04588317871094, nan
217, 797, 257, -1, 43.366188049316406, nan
262, 797, 257, -1, 44.19491958618164, nan
307, 797, 257, -1, 43.1092529296875, nan
82, 797, 437, 4.722196863436938, 74.6900634765625, 0.09435157609532627
127, 797, 437, 4.765132658612771, 74.07347106933594, 0.051983762932998494
172, 797, 437, 4.537307575627018, 74.21031188964844, 0.0881096656885704
217, 797, 437, 4.618585064601529, 75.12342834472656, 0.11755797113988325
262, 797, 437, 4.564979803475273, 76.63784790039062, 0.04810469634903486
307, 797, 437, 4.510460788473532, 76.615234375, 0.015068676790911131
82, 797, 617, 4.607225710248232, 79.17520141601562, 0.09871874235239761
127, 797, 617, 4.532547999544807, 80.13090515136719, 0.10491601328120237
172, 797, 617, 4.5282959622618675, 80.94895935058594, 0.15816002524488737
217, 797, 617, 4.280098968881938, 82.37443542480469, 0.1795160310289667
262, 797, 617, 4.540915352840139, 85.3292236328125, 0.09221842294006402
307, 797, 617, 4.520621618576478, 84.77113342285156, 0.05879214266393563
82, 797, 797, 4.6072296886910165, 95.51268005371094, 0.040171537600875815
127, 797, 797, 4.506783273065187, 93.72074890136719, 0.054471864465357005
172, 797, 797, 4.47902694146553, 94.46855926513672, 0.022605162498274253
217, 797, 797, 4.692669798730665, 95.05921173095703, 0.08202480668494046
262, 797, 797, 4.55891244227589, 95.28772735595703, 0.04368640319363838
307, 797, 797, 4.364697170896792, 95.77852630615234, 0.016996180428231557
82, 797, 977, 4.62331037718744, 72.56775665283203, 0.037256942955433976
127, 797, 977, 4.531539647369944, 71.96334838867188, 0.050233393867873385
172, 797, 977, 4.617599953826674, 70.94347381591797, 0.05968787576552086
217, 797, 977, 4.6336401090376205, 70.14840698242188, 0.07300324029153128
262, 797, 977, 4.538042868190457, 70.975341796875, 0.0661100822418195
307, 797, 977, 4.7644130588939175, 72.33126831054688, 0.03198556560991592
82, 797, 1157, 4.264582261246569, 84.50399780273438, 0.19677900759580727
127, 797, 1157, 4.293234991008775, 82.33971405029297, 0.16561848480537855
172, 797, 1157, 4.095274527209885, 78.85118103027344, 0.13038757771189852
217, 797, 1157, 4.633485771593475, 78.8658447265625, 0.07598305385255756
262, 797, 1157, 4.275299579619084, 82.0806884765625, 0.11574822191237662
307, 797, 1157, 4.591260309482236, 84.53152465820312, 0.04906989881352207
82, 797, 1337, 4.647688790257215, 86.20274353027344, 0.024585427722289655
127, 797, 1337, 4.719379151288609, 85.14420318603516, 0.05105250963665654
172, 797, 1337, 4.60002375237785, 84.71185302734375, 0.027254960157581627
217, 797, 1337, 4.575127046810406, 85.51546478271484, 0.035275228409487304
262, 797, 1337, 4.583917061958665, 87.54835510253906, 0.0456180606103159
307, 797, 1337, 4.578851986477326, 87.17366027832031, 0.0415647563536054
82, 797, 1517, 4.525681370110133, 84.82623291015625, 0.06041598182067948
127, 797, 1517, 4.581080381782259, 86.31285858154297, 0.06691060018658615
172, 797, 1517, 4.51597121315146, 88.4646224975586, 0.05698358991186196
217, 797, 1517, 4.505712664391459, 90.94276428222656, 0.07071095514170841
262, 797, 1517, 4.589392918908799, 92.70365905761719, 0.05301675414731091
307, 797, 1517, 4.401592319601861, 92.50468444824219, 0.011599715476200211
82, 797, 1697, 4.539818726302461, 96.076416015625, 0.048730947480183126
127, 797, 1697, 4.32019000052467, 97.22560119628906, 0.04440805547205422
172, 797, 1697, 4.544316012906836, 96.747314453125, 0.041462871739937374
217, 797, 1697, 4.544349505616173, 93.69935607910156, 0.07460367704584225
262, 797, 1697, 4.597318202269647, 91.97054290771484, 0.09516809252895754
307, 797, 1697, 4.198017432337307, 90.23207092285156, 0.051617420759952654
82, 797, 1877, 4.568693161737106, 72.24427795410156, 0.027755705369364773
127, 797, 1877, 4.52048938246843, 72.24249267578125, 0.028157211339630457
172, 797, 1877, 4.653831731398509, 72.49304962158203, 0.03556579793540838
217, 797, 1877, 4.616927260069256, 72.33030700683594, 0.022171444099995545
262, 797, 1877, 4.612298158368308, 72.04743194580078, 0.027036850708388228
307, 797, 1877, 4.709334153542175, 73.10775756835938, 0.006236880700799804
82, 977, 77, -1, 42.95025634765625, nan
127, 977, 77, -1, 42.73032760620117, nan
172, 977, 77, -1, 43.133304595947266, nan
217, 977, 77, -1, 43.74142837524414, nan
262, 977, 77, -1, 43.526119232177734, nan
307, 977, 77, -1, 43.09280776977539, nan
82, 977, 257, -1, 45.13936233520508, nan
127, 977, 257, -1, 44.9888916015625, nan
172, 977, 257, -1, 43.017818450927734, nan
217, 977, 257, -1, 42.102882385253906, nan
262, 977, 257, -1, 42.320350646972656, nan
307, 977, 257, -1, 42.30264663696289, nan
82, 977, 437, 4.614384157759652, 80.57296752929688, 0.06778851116629044
127, 977, 437, 4.629966009371826, 79.64900207519531, 0.10098340762602279
172, 977, 437, 4.5108604534065275, 76.92382049560547, 0.034384145402156424
217, 977, 437, 4.6017009922368155, 79.69654083251953, 0.032954131573008055
262, 977, 437, 4.491695739951722, 83.16387939453125, 0.07291659765094924
307, 977, 437, 4.604096981676189, 83.61312866210938, 0.044029362394897825
82, 977, 617, 4.496311802507488, 72.66084289550781, 0.06036626772289124
127, 977, 617, 4.35618222850309, 73.5093994140625, 0.05094285866677475
172, 977, 617, 4.7371287059615, 75.16461181640625, 0.04468302728398477
217, 977, 617, 4.499927521071503, 75.92081451416016, 0.07252207363529645
262, 977, 617, 4.583140726720349, 77.94519805908203, 0.06375851948636084
307, 977, 617, 4.682987227580121, 80.095458984375, 0.019700432561924726
82, 977, 797, 4.560678257566485, 80.50521850585938, 0.11762617726110837
127, 977, 797, 4.507325538066393, 83.29170989990234, 0.11272328250070983
172, 977, 797, 4.509046570280462, 86.42317199707031, 0.1416675533597289
217, 977, 797, 4.63459397548869, 89.67713928222656, 0.08050482506374929
262, 977, 797, 4.793220273396924, 88.50016784667969, 0.052178208610901035
307, 977, 797, 4.5339016259832965, 87.45108795166016, 0.0029129607388585096
82, 977, 977, 4.66018891553788, 73.79124450683594, 0.04385608338956476
127, 977, 977, 4.652656282442067, 74.80072021484375, 0.05025081983333071
172, 977, 977, 4.532447065454273, 73.99075317382812, 0.04035531045551606
217, 977, 977, 4.501237084298229, 72.22211456298828, 0.02725549073145828
262, 977, 977, 4.53984999569484, 72.23377227783203, 0.027311755118800896
307, 977, 977, 4.67620093560828, 73.65547943115234, 0.02351192666707735
82, 977, 1157, 4.65383294910674, 85.93228149414062, 0.09132865564391529
127, 977, 1157, 4.222838385477377, 87.639892578125, 0.09916324777750858
172, 977, 1157, 4.644999213060505, 87.23460388183594, 0.05383606579487744
217, 977, 1157, 4.181016454395638, 86.01670837402344, 0.06793484164972023
262, 977, 1157, 4.273328216123319, 83.98869323730469, 0.07680906982970077
307, 977, 1157, 4.556980715894302, 82.6766357421875, 0.04094473163285332
82, 977, 1337, 4.54404275886451, 86.78994750976562, 0.21331675001276468
127, 977, 1337, 4.825693740504841, 82.82962036132812, 0.31226401105473967
172, 977, 1337, 4.4930602978769505, 82.17346954345703, 0.1917694056477411
217, 977, 1337, 4.3580489406973415, 84.8170394897461, 0.05476480095120423
262, 977, 1337, 4.685498601218495, 84.94686889648438, 0.06444224888160031
307, 977, 1337, 4.661107777202495, 87.37889099121094, 0.05207003671101808
82, 977, 1517, 4.640750466271224, 90.74732971191406, 0.10802616165752209
127, 977, 1517, 4.633219384699716, 88.049072265625, 0.1112720359587178
172, 977, 1517, 4.605883430531983, 86.64860534667969, 0.07927049692341359
217, 977, 1517, 4.647680676665661, 85.86627960205078, 0.06934069610536496
262, 977, 1517, 4.516451608793865, 86.97760009765625, 0.09217759040065904
307, 977, 1517, 4.54558848496349, 88.88479614257812, 0.07960881949524938
82, 977, 1697, 4.762172319346904, 91.81336975097656, 0.042737622645987454
127, 977, 1697, 4.510848536011111, 92.56265258789062, 0.01554494328097238
172, 977, 1697, 4.4386764440179425, 92.78944396972656, 0.039550254651518485
217, 977, 1697, 4.301301395418027, 90.44129943847656, 0.03761627394111294
262, 977, 1697, 4.354322115548416, 88.55760955810547, 0.05605768024988783
307, 977, 1697, 4.6668424992387605, 89.0682373046875, 0.02437111841351328
82, 977, 1877, 4.506201506066906, 80.40705108642578, 0.05770635371500693
127, 977, 1877, 4.473824331797673, 82.06371307373047, 0.045102092897433055
172, 977, 1877, 4.489187008357299, 81.61510467529297, 0.04225461868698496
217, 977, 1877, 4.658510145974963, 79.40967559814453, 0.04633512400125701
262, 977, 1877, 4.449491850535738, 76.88482666015625, 0.026766445885475387
307, 977, 1877, 4.492340585818713, 78.73095703125, 0.018337126453524616
82, 1157, 77, -1, 43.927494049072266, nan
127, 1157, 77, -1, 44.298912048339844, nan
172, 1157, 77, -1, 45.01813507080078, nan
217, 1157, 77, -1, 45.746253967285156, nan
262, 1157, 77, -1, 45.848636627197266, nan
307, 1157, 77, -1, 45.92295837402344, nan
82, 1157, 257, -1, 41.37018585205078, nan
127, 1157, 257, -1, 41.30156326293945, nan
172, 1157, 257, -1, 41.134063720703125, nan
217, 1157, 257, -1, 41.3031120300293, nan
262, 1157, 257, -1, 41.19029235839844, nan
307, 1157, 257, -1, 40.72342300415039, nan
82, 1157, 437, 4.442224607734315, 84.58323669433594, 0.07472155204312225
127, 1157, 437, 4.32733888297717, 84.47262573242188, 0.11614855802211384
172, 1157, 437, 4.533465534846844, 83.14950561523438, 0.14229656112818292
217, 1157, 437, 4.2953875656987055, 82.21149444580078, 0.13637629591382452
262, 1157, 437, 4.562219545152492, 83.05790710449219, 0.11168141176339233
307, 1157, 437, 4.496011553474178, 83.66587829589844, 0.0758931875352613
82, 1157, 617, 4.623235834145938, 80.39225769042969, 0.0689437477346532
127, 1157, 617, 4.639787664078877, 80.03498840332031, 0.047392616886075954
172, 1157, 617, 4.477914206975541, 80.37606811523438, 0.034060108837655596
217, 1157, 617, 4.5076205945090715, 82.9723892211914, 0.07576207002197735
262, 1157, 617, 4.593757052260222, 82.73872375488281, 0.07203845586524499
307, 1157, 617, 4.3353975358770125, 82.09562683105469, 0.05157865677580248
82, 1157, 797, 4.644686620998359, 83.95228576660156, 0.12692421170923823
127, 1157, 797, 4.594813239564964, 86.06647491455078, 0.04999549524620877
172, 1157, 797, 4.610243648053238, 88.40027618408203, 0.08498782496865605
217, 1157, 797, 4.522176139822833, 88.80332946777344, 0.06115675564666257
262, 1157, 797, 4.471271282950012, 86.17636108398438, 0.043930228927137945
307, 1157, 797, 4.421227775564088, 84.80671691894531, 0.008475779977074
82, 1157, 977, 4.374658317834955, 79.88631439208984, 0.03176439119274431
127, 1157, 977, 4.586341772053095, 80.13113403320312, 0.04986482442629927
172, 1157, 977, 4.5609634438128435, 79.68208312988281, 0.05068291679841059
217, 1157, 977, 4.6099952232596, 78.33462524414062, 0.028039641547929112
262, 1157, 977, 4.604614303164847, 77.95258331298828, 0.03979947929271245
307, 1157, 977, 4.532360107976337, 78.16348266601562, 0.03159819831243499
82, 1157, 1157, 4.575076330844835, 80.00466918945312, 0.05218634928394737
127, 1157, 1157, 4.572515524380457, 81.98600006103516, 0.05715668843809224
172, 1157, 1157, 4.418330859439215, 83.88482666015625, 0.038008150802640084
217, 1157, 1157, 4.445623274441185, 83.52548217773438, 0.05046079007120758
262, 1157, 1157, 4.630801202279275, 80.74832153320312, 0.030399039112237722
307, 1157, 1157, 4.56647366128052, 80.98371124267578, 0.021704846774527015
82, 1157, 1337, 4.599097885730681, 81.32473754882812, 0.045022622228241965
127, 1157, 1337, 4.592595021872247, 82.50241088867188, 0.035501977275581645
172, 1157, 1337, 4.596788870096699, 83.45790100097656, 0.07334185599226656
217, 1157, 1337, 4.5167143044251565, 83.10504150390625, 0.08184666731959209
262, 1157, 1337, 4.655627111910446, 82.88450622558594, 0.021988371464579416
307, 1157, 1337, 4.64423675930372, 83.36470794677734, 0.017753429101922222
82, 1157, 1517, 4.291222611542361, 90.01378631591797, 0.05141879456868661
127, 1157, 1517, 4.675008307264435, 90.79507446289062, 0.022794403595764873
172, 1157, 1517, 4.191645090716085, 88.76495361328125, 0.06974379214221509
217, 1157, 1517, 4.63082939461202, 88.79483032226562, 0.046282019490210415
262, 1157, 1517, 4.593215333734781, 90.00729370117188, 0.013916385577718151
307, 1157, 1517, 4.602857127918666, 90.12733459472656, 0.02326349223072912
82, 1157, 1697, 4.095882540839282, 82.75883483886719, 0.13033686379357348
127, 1157, 1697, 4.551554933369529, 84.27534484863281, 0.056223403149285436
172, 1157, 1697, 4.440311156726184, 84.31642150878906, 0.039330301858129746
217, 1157, 1697, 4.572774523628458, 84.84054565429688, 0.026793771536342947
262, 1157, 1697, 4.505455053549282, 85.54466247558594, 0.027578922683584653
307, 1157, 1697, 4.291466830728031, 86.54733276367188, 0.02722381096412353
82, 1157, 1877, 4.5929896084047135, 85.07030487060547, 0.053190548024168505
127, 1157, 1877, 4.601234044926808, 84.9573974609375, 0.058379421572042116
172, 1157, 1877, 4.72050906043459, 84.302978515625, 0.05209026470255484
217, 1157, 1877, 4.342612204768406, 84.82476043701172, 0.03316926448516907
262, 1157, 1877, 4.548972497684518, 85.88898468017578, 0.03839676654753262
307, 1157, 1877, 4.444010209565073, 85.72827911376953, 0.023644623467044063
82, 1337, 77, -1, 46.691287994384766, nan
127, 1337, 77, -1, 45.06813430786133, nan
172, 1337, 77, -1, 44.057708740234375, nan
217, 1337, 77, -1, 43.78905487060547, nan
262, 1337, 77, -1, 43.94349670410156, nan
307, 1337, 77, -1, 44.012943267822266, nan
82, 1337, 257, -1, 47.09426498413086, nan
127, 1337, 257, -1, 45.96653366088867, nan
172, 1337, 257, -1, 44.51219940185547, nan
217, 1337, 257, -1, 44.04448318481445, nan
262, 1337, 257, -1, 44.01420211791992, nan
307, 1337, 257, -1, 43.8933219909668, nan
82, 1337, 437, 4.609727006519939, 92.4774169921875, 0.06487252764255859
127, 1337, 437, 4.6490808709408915, 92.54483032226562, 0.04288873082231059
172, 1337, 437, 4.343716504178001, 92.91456604003906, 0.07238278217323672
217, 1337, 437, 4.517403637593951, 94.09452819824219, 0.08341476414094584
262, 1337, 437, 4.621387529035626, 93.78435516357422, 0.07297252052950337
307, 1337, 437, 4.529450872274962, 91.6827392578125, 0.04281577837863158
82, 1337, 617, 4.541388649386767, 84.08065795898438, 0.07288892484089822
127, 1337, 617, 4.50018531872141, 84.03130340576172, 0.05826876851621806
172, 1337, 617, 4.702611337312559, 82.65144348144531, 0.05457234128345768
217, 1337, 617, 4.574778969267196, 83.34971618652344, 0.04972043681609489
262, 1337, 617, 4.5135158222450045, 85.99608612060547, 0.023532167172934295
307, 1337, 617, 4.438147625067648, 85.76502990722656, 0.04040181797433232
82, 1337, 797, 4.4724178117481985, 80.13838195800781, 0.04029688530152859
127, 1337, 797, 4.612655576704179, 79.84623718261719, 0.039324765927822886
172, 1337, 797, 4.326378153359119, 80.18852233886719, 0.025183977461754777
217, 1337, 797, 4.105104033896716, 78.22581481933594, 0.045290993496802254
262, 1337, 797, 4.45897512502619, 77.50341796875, 0.053563176054313044
307, 1337, 797, 4.669051899205019, 78.36007690429688, 0.022153999542363124
82, 1337, 977, 4.192600057475956, 86.31471252441406, 0.021397752631279836
127, 1337, 977, 4.540806322919948, 87.31780242919922, 0.012436486915127744
172, 1337, 977, 4.492157269761534, 85.85537719726562, 0.02562553916431401
217, 1337, 977, 4.567134594554878, 85.03257751464844, 0.030491713774016736
262, 1337, 977, 4.4045276603391645, 87.10680389404297, 0.007422616961544985
307, 1337, 977, 4.533658485141124, 86.83084106445312, 0.0035944708485790805
82, 1337, 1157, 4.501098187986524, 84.07302856445312, 0.11165160572114471
127, 1337, 1157, 4.608062960643083, 80.2729721069336, 0.07676247076886139
172, 1337, 1157, 4.575235843570819, 78.95574188232422, 0.06700838254102903
217, 1337, 1157, 4.2799876164130435, 78.78990173339844, 0.06923423199730903
262, 1337, 1157, 4.3496048626785235, 78.36710357666016, 0.04988311793063372
307, 1337, 1157, 4.633576796773111, 80.48686218261719, 0.02615696034085684
82, 1337, 1337, 4.2277196428528505, 82.424560546875, 0.043274553826958634
127, 1337, 1337, 4.566849816854613, 80.15382385253906, 0.09964571526434098
172, 1337, 1337, 4.564969059682259, 79.72261047363281, 0.10550762975396352
217, 1337, 1337, 4.428760482302337, 81.5765380859375, 0.03507022776057373
262, 1337, 1337, 4.590145516394753, 81.8062973022461, 0.019994913504562995
307, 1337, 1337, 4.63380442466243, 82.13807678222656, 0.004628807722475009
82, 1337, 1517, 4.619680743338721, 94.85414123535156, 0.052743464043112816
127, 1337, 1517, 4.612510785945794, 94.49661254882812, 0.028600642775941987
172, 1337, 1517, 4.614438014952524, 95.7904281616211, 0.020296001926550324
217, 1337, 1517, 4.5700560771934065, 95.52055358886719, 0.06714180979517598
262, 1337, 1517, 4.680717739412285, 94.9910888671875, 0.08905290817380337
307, 1337, 1517, 4.561590677247998, 94.53724670410156, 0.06307400075175734
82, 1337, 1697, 4.577686657310697, 85.48807525634766, 0.06934211802686724
127, 1337, 1697, 4.500537009813499, 85.29981994628906, 0.08104993212705525
172, 1337, 1697, 4.794984144315103, 86.84684753417969, 0.026873368254142427
217, 1337, 1697, 4.525701749703464, 87.40696716308594, 0.059558433351542164
262, 1337, 1697, 4.593265744404236, 84.46391296386719, 0.03930500350666187
307, 1337, 1697, 4.637038043926738, 85.68294525146484, 0.02336100281161759
82, 1337, 1877, 4.61102700226618, 79.8614501953125, 0.04319205074695813
127, 1337, 1877, 4.431588878195844, 78.48867797851562, 0.046536982906211534
172, 1337, 1877, 4.562044069215057, 79.83103942871094, 0.0609022352415946
217, 1337, 1877, 4.306529369911755, 83.76869201660156, 0.06500826209193587
262, 1337, 1877, 4.580007105268803, 85.97003173828125, 0.04437709980259226
307, 1337, 1877, 4.513627901759164, 86.65716552734375, 0.02952229141793401
82, 1517, 77, -1, 47.70014953613281, nan
127, 1517, 77, -1, 47.562557220458984, nan
172, 1517, 77, -1, 47.453372955322266, nan
217, 1517, 77, -1, 46.643653869628906, nan
262, 1517, 77, -1, 46.995079040527344, nan
307, 1517, 77, -1, 47.172401428222656, nan
82, 1517, 257, -1, 49.525272369384766, nan
127, 1517, 257, -1, 49.50872802734375, nan
172, 1517, 257, -1, 48.5400505065918, nan
217, 1517, 257, -1, 48.21644973754883, nan
262, 1517, 257, -1, 47.45452880859375, nan
307, 1517, 257, -1, 47.54456329345703, nan
82, 1517, 437, 4.409034238036588, 90.07368469238281, 0.08648890333016158
127, 1517, 437, 4.443401654643197, 88.69282531738281, 0.05321844685980322
172, 1517, 437, 4.519294054155043, 87.64682006835938, 0.059506092253392553
217, 1517, 437, 4.620061188596684, 86.9904556274414, 0.07541820534087822
262, 1517, 437, 4.652983542088827, 87.6083984375, 0.09946243781116199
307, 1517, 437, 4.569991131280818, 89.05192565917969, 0.02757794739278797
82, 1517, 617, 4.59181191780012, 86.05729675292969, 0.05796772347424779
127, 1517, 617, 4.7518927409571265, 84.52659606933594, 0.02264467316863872
172, 1517, 617, 4.445391178941227, 83.38807678222656, 0.04200709383641843
217, 1517, 617, 4.707135288538894, 84.02839660644531, 0.06644135789123118
262, 1517, 617, 4.594554169971657, 84.18511962890625, 0.04016632790805038
307, 1517, 617, 4.52012434768032, 84.93328857421875, 0.028059228887461287
82, 1517, 797, 4.60778234297065, 88.89684295654297, 0.07193777937516144
127, 1517, 797, 4.5996664663697535, 92.85173797607422, 0.008492780525967459
172, 1517, 797, 4.683347223194718, 91.88455200195312, 0.037706748567641196
217, 1517, 797, 4.380491872819244, 89.78203582763672, 0.042196029369312875
262, 1517, 797, 3.9073431754566057, 87.99067687988281, 0.14203396897754345
307, 1517, 797, 4.519996491878042, 86.53611755371094, 0.05037851651906404
82, 1517, 977, 4.469284654843934, 85.92938232421875, 0.11844890933349415
127, 1517, 977, 4.542363967451439, 82.7968978881836, 0.13576167781892204
172, 1517, 977, 4.615537485111521, 79.08512115478516, 0.1385522519533576
217, 1517, 977, 4.5658763809158955, 80.92034912109375, 0.16637410789999518
262, 1517, 977, 4.590737771123687, 82.79785919189453, 0.08237422224770297
307, 1517, 977, 4.299327225335713, 83.46224975585938, 0.03874984212881272
82, 1517, 1157, 4.223538121487443, 76.27133178710938, 0.06776964561101581
127, 1517, 1157, 4.29761072972368, 76.03700256347656, 0.0890148692966182
172, 1517, 1157, 4.447590834607453, 76.43920135498047, 0.09290244456931118
217, 1517, 1157, 4.242764297253807, 76.91160583496094, 0.07720009631589234
262, 1517, 1157, 4.482638529059388, 78.10582733154297, 0.06632928233091405
307, 1517, 1157, 4.437227715603721, 78.28890228271484, 0.02818409152682656
82, 1517, 1337, 4.586402768343134, 76.48596954345703, 0.059361723820464556
127, 1517, 1337, 4.6866175187518175, 77.4472427368164, 0.04119982515179546
172, 1517, 1337, 4.668317526666805, 79.97628784179688, 0.04330509098550783
217, 1517, 1337, 4.432800128409147, 82.12785339355469, 0.04852093000256062
262, 1517, 1337, 4.6300876429354245, 84.6230697631836, 0.047964050973650176
307, 1517, 1337, 4.4408736862438705, 84.20735168457031, 0.0325969700519654
82, 1517, 1517, 4.521682457881902, 90.87409973144531, 0.10120974346252651
127, 1517, 1517, 4.5177077533775964, 90.95816802978516, 0.10286522299635442
172, 1517, 1517, 4.563670950456296, 92.15969848632812, 0.0471133881432152
217, 1517, 1517, 4.617125194933315, 91.42137145996094, 0.04012261811153324
262, 1517, 1517, 4.52785187452085, 89.77519989013672, 0.049525867509622096
307, 1517, 1517, 4.317168934987548, 90.41079711914062, 0.02560400447228917
82, 1517, 1697, 4.569343862453973, 90.15912628173828, 0.007876755466811922
127, 1517, 1697, 4.654470874245112, 87.36726379394531, 0.004721946043590095
172, 1517, 1697, 4.624399301652266, 83.57074737548828, 0.06597667193603006
217, 1517, 1697, 4.61969478063988, 82.39335632324219, 0.08153172861277336
262, 1517, 1697, 4.652296453043098, 82.73452758789062, 0.060944196358451795
307, 1517, 1697, 4.608329518507423, 82.51611328125, 0.034002217498056715
82, 1517, 1877, 4.65025257010608, 82.1297607421875, 0.13902851637701616
127, 1517, 1877, 4.595503664952437, 82.98159790039062, 0.13950396578319227
172, 1517, 1877, 4.529283776643478, 82.67333984375, 0.10266789722443131
217, 1517, 1877, 4.462581015708505, 81.7454605102539, 0.17873876515299122
262, 1517, 1877, 4.592476254689403, 83.74710845947266, 0.14852112739366016
307, 1517, 1877, 4.367752819815706, 85.39454650878906, 0.06363898616762793
82, 1697, 77, -1, 50.703765869140625, nan
127, 1697, 77, -1, 48.60603713989258, nan
172, 1697, 77, -1, 48.38882827758789, nan
217, 1697, 77, -1, 48.89503860473633, nan
262, 1697, 77, -1, 49.23828125, nan
307, 1697, 77, -1, 49.4105339050293, nan
82, 1697, 257, -1, 45.69132614135742, nan
127, 1697, 257, -1, 45.92359161376953, nan
172, 1697, 257, -1, 47.24056625366211, nan
217, 1697, 257, -1, 49.165836334228516, nan
262, 1697, 257, -1, 49.87052536010742, nan
307, 1697, 257, -1, 49.164390563964844, nan
82, 1697, 437, 4.703123531275823, 81.14082336425781, 0.09787549487982596
127, 1697, 437, 4.530391188790865, 81.11201477050781, 0.14596413434321542
172, 1697, 437, 4.513546190700518, 80.81072998046875, 0.15586185763801275
217, 1697, 437, 4.498522453314979, 81.22425842285156, 0.15278372807029147
262, 1697, 437, 4.409173628672821, 83.94181823730469, 0.20491792267994494
307, 1697, 437, 4.587021732731454, 85.26100158691406, 0.1024894361084642
82, 1697, 617, 4.602005540042761, 79.41050720214844, 0.10789208573351454
127, 1697, 617, 4.383670795051445, 79.30326843261719, 0.10603393208513848
172, 1697, 617, 4.372898775703988, 83.26765441894531, 0.094803669669111
217, 1697, 617, 4.348602599347645, 84.42483520507812, 0.11127045355879447
262, 1697, 617, 4.578141179152292, 84.65855407714844, 0.04685143059687195
307, 1697, 617, 4.493250465272081, 82.32953643798828, 0.023562540897672745
82, 1697, 797, 4.537969180583796, 77.3619384765625, 0.07263309025275898
127, 1697, 797, 4.662101182185386, 76.98303985595703, 0.10481689676735824
172, 1697, 797, 4.617196977564711, 73.50234985351562, 0.10182857974738628
217, 1697, 797, 4.6303467714767255, 75.21195983886719, 0.07387558214292693
262, 1697, 797, 4.620617542683299, 77.82350158691406, 0.04674418626913453
307, 1697, 797, 4.688834045572691, 80.26155090332031, 0.035440183181027735
82, 1697, 977, 4.48290048210923, 86.8304443359375, 0.06310454745412312
127, 1697, 977, 4.682399707602999, 83.5611343383789, 0.06005015514692434
172, 1697, 977, 4.388967077179097, 80.32670593261719, 0.10507191854409888
217, 1697, 977, 4.356562887240907, 80.15292358398438, 0.13463549805959682
262, 1697, 977, 4.546521083951853, 82.54273986816406, 0.08593304485588203
307, 1697, 977, 4.544650477447197, 84.45991516113281, 0.03392874270263891
82, 1697, 1157, 4.520913922771007, 82.44170379638672, 0.09343099333840005
127, 1697, 1157, 4.482941890691908, 82.47347259521484, 0.1409265228800289
172, 1697, 1157, 4.499939826595449, 80.59344482421875, 0.13157392665914378
217, 1697, 1157, 4.581092660257464, 78.68466186523438, 0.13755060106210634
262, 1697, 1157, 4.54556740408761, 76.46440124511719, 0.1709813529788241
307, 1697, 1157, 4.717109644763574, 76.93225860595703, 0.1009836798077941
82, 1697, 1337, 4.498012872144535, 74.79261779785156, 0.03979219686930508
127, 1697, 1337, 4.161720561984227, 72.08444213867188, 0.032755361288712946
172, 1697, 1337, 4.651151001789837, 72.94247436523438, 0.04724875581117477
217, 1697, 1337, 4.7232789533078785, 72.70356750488281, 0.04757060745155239
262, 1697, 1337, 4.361075954400508, 74.38610076904297, 0.06681747130741136
307, 1697, 1337, 4.551259130666693, 75.54541015625, 0.0556093116064521
82, 1697, 1517, 4.615766415891645, 86.01424407958984, 0.02374489095746791
127, 1697, 1517, 4.263367581385683, 83.22438049316406, 0.021028208073597607
172, 1697, 1517, 4.755484040812531, 80.99928283691406, 0.07725660544417659
217, 1697, 1517, 4.513490555267023, 80.95089721679688, 0.08309501923570814
262, 1697, 1517, 4.632994197717766, 81.73029327392578, 0.09811216138821324
307, 1697, 1517, 4.518815725811656, 83.37284088134766, 0.017877753654979726
82, 1697, 1697, 4.586275279888915, 81.8748779296875, 0.018255359064992413
127, 1697, 1697, 4.6401621135463715, 81.70874786376953, 0.03245817259111473
172, 1697, 1697, 4.594208372160039, 82.30424499511719, 0.03673296101912166
217, 1697, 1697, 4.6125575258824005, 82.82130432128906, 0.033997009609780124
262, 1697, 1697, 4.598335727557009, 83.58004760742188, 0.040703898936908046
307, 1697, 1697, 4.535274450255491, 83.60613250732422, 0.01822244603531285
82, 1697, 1877, 4.499401112816399, 83.20906066894531, 0.115607245791977
127, 1697, 1877, 4.160104028919334, 81.33908081054688, 0.1422540689179588
172, 1697, 1877, 4.381808794199813, 81.27919006347656, 0.13099034984729907
217, 1697, 1877, 4.534191261581931, 83.43184661865234, 0.11418724615100584
262, 1697, 1877, 4.526444314276948, 84.32440185546875, 0.02102606248445748
307, 1697, 1877, 4.544788101162107, 84.31802368164062, 0.005137868510094061
82, 1877, 77, -1, 44.12602615356445, nan
127, 1877, 77, -1, 44.53919219970703, nan
172, 1877, 77, -1, 45.30220413208008, nan
217, 1877, 77, -1, 45.33893966674805, nan
262, 1877, 77, -1, 45.46717834472656, nan
307, 1877, 77, -1, 45.6544189453125, nan
82, 1877, 257, -1, 44.624263763427734, nan
127, 1877, 257, -1, 44.30524444580078, nan
172, 1877, 257, -1, 44.889041900634766, nan
217, 1877, 257, -1, 45.05596923828125, nan
262, 1877, 257, -1, 45.507896423339844, nan
307, 1877, 257, -1, 46.07843017578125, nan
82, 1877, 437, 4.279299239480554, 75.09962463378906, 0.029076344392850395
127, 1877, 437, 4.599283650095747, 74.76799011230469, 0.022615407038897327
172, 1877, 437, 4.756345554342244, 75.71145629882812, 0.03518392855980174
217, 1877, 437, 4.568424775903338, 75.61302185058594, 0.04242808350131845
262, 1877, 437, 4.605931807990699, 76.39044952392578, 0.04866241265658518
307, 1877, 437, 4.602699364874307, 78.09156799316406, -0.007104843130956291
82, 1877, 617, 4.436559772048988, 75.90162658691406, 0.024754383139394903
127, 1877, 617, 4.346363726641149, 75.96070861816406, 0.020691781332153138
172, 1877, 617, 4.675235385632079, 77.42202758789062, 0.04904589552367746
217, 1877, 617, 4.53432311124009, 77.05734252929688, 0.018103050953601426
262, 1877, 617, 4.52120614117503, 74.14110565185547, -0.004188552367254072
307, 1877, 617, 4.577649843952376, 71.51777648925781, 0.008827479283326636
82, 1877, 797, 4.569537301309134, 64.81982421875, 0.01774701022600184
127, 1877, 797, 4.519850804320674, 64.41474151611328, 0.0014297393197647988
172, 1877, 797, 4.658024389145545, 64.97235107421875, 0.04221440068900874
217, 1877, 797, 4.65033838624605, 65.19930267333984, 0.011477178807203952
262, 1877, 797, 4.724403437614611, 65.39334869384766, 0.02342282823145501
307, 1877, 797, 4.61763250265719, 65.92463684082031, -0.003674023756293025
82, 1877, 977, 4.644598621770552, 74.25314331054688, 0.09222742247080319
127, 1877, 977, 4.182211526426996, 74.75218963623047, 0.0839364509852854
172, 1877, 977, 4.407235870919929, 77.9273681640625, 0.07549105223263675
217, 1877, 977, 4.67439868832347, 76.72380065917969, 0.05362739488383756
262, 1877, 977, 4.4675360731399865, 76.99671936035156, 0.04567117221323617
307, 1877, 977, 4.4829255916582325, 77.19406127929688, 0.0035053829346970806
82, 1877, 1157, 4.640101148096705, 80.89481353759766, 0.0027457375278324243
127, 1877, 1157, 4.56687161895025, 79.68931579589844, 0.016743956737280817
172, 1877, 1157, 4.645510926002091, 80.54229736328125, 0.01986779578629368
217, 1877, 1157, 4.558251349328474, 81.1747055053711, 0.03529318413421868
262, 1877, 1157, 4.635595367808653, 83.22541809082031, 0.04936779528978822
307, 1877, 1157, 4.623000422210834, 81.93792724609375, 0.0633418166527676
82, 1877, 1337, 4.763905799813208, 74.51337432861328, 0.07274607961621576
127, 1877, 1337, 4.512169174173577, 74.78167724609375, 0.05114607934391474
172, 1877, 1337, 4.49389996252975, 75.05306243896484, 0.03338670325455065
217, 1877, 1337, 4.643068029541152, 74.29682922363281, 0.04509769302610018
262, 1877, 1337, 4.421706048225284, 74.9334945678711, 0.04281925595889127
307, 1877, 1337, 4.537397619088005, 77.11585998535156, 0.03365001624896764
82, 1877, 1517, 4.355437082421191, 86.74624633789062, 0.11149065634296995
127, 1877, 1517, 4.508942276568898, 90.17048645019531, 0.0635646504251286
172, 1877, 1517, 4.407939191716186, 91.92202758789062, 0.04405434226504084
217, 1877, 1517, 4.492176095676641, 92.68988037109375, 0.02160780747075986
262, 1877, 1517, 4.607674368403487, 91.45722961425781, 0.025254385306020827
307, 1877, 1517, 4.540792967147304, 89.09033203125, 0.008190614267830293
82, 1877, 1697, 4.6458641950729485, 84.24014282226562, 0.03110348806975578
127, 1877, 1697, 4.488974234203252, 82.08956909179688, 0.029449144734853917
172, 1877, 1697, 4.59690952443686, 81.81553649902344, 0.01501519754898964
217, 1877, 1697, 4.532478060175768, 81.43966674804688, 0.06045127103549219
262, 1877, 1697, 4.324734359777066, 81.69795227050781, 0.042110332738917094
307, 1877, 1697, 4.570307510262457, 81.41761779785156, 0.012785363180664451
82, 1877, 1877, 4.576522083280227, 86.66668701171875, 0.10435602603105464
127, 1877, 1877, 4.5036406281675845, 86.92691040039062, 0.037094627467325975
172, 1877, 1877, 4.574095160604641, 83.86636352539062, 0.030430457502109935
217, 1877, 1877, 4.413326585090198, 81.9752197265625, 0.06951349898751168
262, 1877, 1877, 4.420690738254255, 83.1627197265625, 0.06397518441481373
307, 1877, 1877, 4.3838845692290915, 83.68536376953125, 0.035632990072784275
