80, 77, 77, 4.88061641898602, 21.46570587158203, -0.0017197310508043702
125, 77, 77, 4.827377161028879, 22.52350616455078, 0.0011073967603760229
170, 77, 77, 4.801418337778735, 22.648103713989258, -0.005728564143248336
215, 77, 77, 4.782949052559669, 21.697940826416016, 0.0011280531569352313
260, 77, 77, 4.814111639047238, 21.90127944946289, -0.0009581993761624987
305, 77, 77, 4.828116416228338, 22.66347885131836, -0.0026837417875747605
350, 77, 77, 4.804539555631266, 22.465595245361328, 0.004716364309380293
395, 77, 77, 4.769691509255304, 22.667720794677734, 0.001874163721641843
440, 77, 77, 4.027164878979139, 23.583702087402344, 0.0010306097830014105
80, 77, 257, 4.70287404577679, 28.06275177001953, 8.329325618646223e-05
125, 77, 257, 4.689576668946524, 28.06934356689453, 0.01022476685175201
170, 77, 257, 4.716446217214009, 27.029083251953125, -0.005255068968465101
215, 77, 257, 4.721712966065916, 27.527494430541992, 0.004975740157347857
260, 77, 257, 4.772476770720351, 27.08646011352539, 0.02996091126624854
305, 77, 257, 4.705326228802585, 27.70293426513672, 0.008903673103680903
350, 77, 257, 4.737227870125223, 27.46588897705078, 0.0021065811795678803
395, 77, 257, 4.707853738164608, 27.922195434570312, 0.00625028099933408
440, 77, 257, 4.042063153019688, 27.290706634521484, -0.0075413457618782155
80, 77, 437, 4.796232721801475, 28.074825286865234, 0.012956850175064994
125, 77, 437, 4.790487171127782, 27.784591674804688, 0.011062141488338444
170, 77, 437, 4.783341721171639, 27.663917541503906, 0.02652639320405347
215, 77, 437, 4.842446312747945, 27.9007625579834, 0.0068290576408956355
260, 77, 437, 4.881740515128965, 28.588359832763672, 0.002672613654386824
305, 77, 437, 4.817079050439332, 29.76388168334961, 0.009406238091271458
350, 77, 437, 4.76535103530485, 29.038450241088867, -0.002587125756410872
395, 77, 437, 4.856857068686931, 28.658817291259766, -0.0034105676932659488
440, 77, 437, 4.053146336664739, 28.50779151916504, 0.01119129371150459
80, 77, 617, 4.8229725753177455, 28.146514892578125, 0.004898325822816606
125, 77, 617, 4.789406794519722, 27.817340850830078, 0.015607356313784555
170, 77, 617, 4.712699390616236, 27.530973434448242, 0.0015873757088589067
215, 77, 617, 4.668340983134962, 28.094602584838867, 0.004262935034821399
260, 77, 617, 4.694858784006931, 28.394271850585938, 0.01071007712806379
305, 77, 617, 4.653241241579971, 28.44072151184082, -0.0002641119710304027
350, 77, 617, 4.711547094313196, 28.549612045288086, 0.004175494577389794
395, 77, 617, 4.63096970026601, 28.121265411376953, 0.005474759359278187
440, 77, 617, 4.002894636148785, 28.253868103027344, 0.011526276786759127
80, 77, 797, 4.761678974121905, 27.48617935180664, 0.0042821843124503794
125, 77, 797, 4.727793096660427, 27.760589599609375, 0.0038838836364217884
170, 77, 797, 4.855471991867218, 27.731056213378906, 0.0019046766361675374
215, 77, 797, 4.775867369475865, 27.93307113647461, -0.005570173026418338
260, 77, 797, 4.752411731133134, 28.253948211669922, 0.003860111329178906
305, 77, 797, 4.834459966554154, 27.557403564453125, 0.00819422491980177
350, 77, 797, 4.669618304926997, 27.22519302368164, 0.0057056204881551645
395, 77, 797, 4.7369581631986595, 27.068603515625, -0.0018864352929066457
440, 77, 797, 3.9952174254686077, 27.365177154541016, 0.01638093116515973
80, 77, 977, 4.759218625046747, 27.064220428466797, 0.009318190837132418
125, 77, 977, 4.776266557422581, 26.902305603027344, 0.014589046072270722
170, 77, 977, 4.717301692164513, 26.60055160522461, 0.01856391202727065
215, 77, 977, 4.820029781475357, 27.038349151611328, 0.011875113436373918
260, 77, 977, 4.714277903820995, 27.533634185791016, 0.022072952997782704
305, 77, 977, 4.774831504336499, 26.699344635009766, 0.02031607407484613
350, 77, 977, 4.754226300477548, 26.40876007080078, 0.022551149223708232
395, 77, 977, 4.824869369782684, 26.5567626953125, -0.004546763520386579
440, 77, 977, 3.9933027410655426, 26.537229537963867, 0.005579390455924888
80, 77, 1157, 4.740401990602859, 27.028892517089844, 0.008217312847463179
125, 77, 1157, 4.74125556777992, 26.551380157470703, 0.00555149157692871
170, 77, 1157, 4.649774619986496, 26.234500885009766, 0.016568001417538433
215, 77, 1157, 4.625056082288057, 25.749059677124023, 0.033017445458898245
260, 77, 1157, 4.689211549033789, 24.948352813720703, 0.010106943415824075
305, 77, 1157, 4.688011127412214, 24.66529083251953, 0.019659760198798473
350, 77, 1157, 4.745128795775221, 24.994760513305664, 0.017293189185697073
395, 77, 1157, 4.7874540044519, 25.33576202392578, 0.006720563834732704
440, 77, 1157, 4.027155794946069, 25.667709350585938, -0.0033687401336075866
80, 77, 1337, 4.8453739272204785, 26.28727912902832, 0.023378714046047796
125, 77, 1337, 4.75133885192781, 26.820144653320312, 0.01651773622782752
170, 77, 1337, 4.742238827574944, 26.88125991821289, 0.02796405513948735
215, 77, 1337, 4.8021483510864345, 26.72547149658203, 0.010466289282604005
260, 77, 1337, 4.75000239892591, 26.94034194946289, 0.008875512045879861
305, 77, 1337, 4.697532756371864, 26.58330535888672, 0.0005367142263372771
350, 77, 1337, 4.7034468632429, 26.13857650756836, 0.016773778680760874
395, 77, 1337, 4.692846566509019, 26.232547760009766, -0.002465744831786739
440, 77, 1337, 4.012750840802151, 26.365577697753906, -0.008059334855726246
80, 77, 1517, 4.740419545975669, 25.92388343811035, 0.023688425228239326
125, 77, 1517, 4.761665096914335, 25.2904109954834, 0.0057998714827762
170, 77, 1517, 4.735262896881058, 25.99053192138672, 0.012662973668983744
215, 77, 1517, 4.766223015722996, 26.150503158569336, 0.007303867601278003
260, 77, 1517, 4.704298826435909, 26.552631378173828, 0.01272330030829135
305, 77, 1517, 4.82693228759717, 26.492774963378906, 0.006920555664804519
350, 77, 1517, 4.601764973869676, 26.666767120361328, 0.0055728044467735355
395, 77, 1517, 4.786653299717409, 26.831527709960938, -0.0005046328948919117
440, 77, 1517, 4.033085778404568, 26.737398147583008, 0.010373756052178874
80, 77, 1697, 4.723176669151638, 27.473224639892578, 0.03735898715984472
125, 77, 1697, 4.757374798328621, 26.792570114135742, 0.033828313846603605
170, 77, 1697, 4.88266859510612, 26.86548614501953, 0.01900499988091438
215, 77, 1697, 4.87079870124537, 27.545612335205078, 0.00325548772992914
260, 77, 1697, 4.7377014171844305, 28.15182876586914, 0.014032824560819909
305, 77, 1697, 4.863559541070668, 28.526077270507812, 0.0049695817965599845
350, 77, 1697, 4.80034146876937, 28.277379989624023, 0.007418810850580711
395, 77, 1697, 4.685383990303636, 28.369232177734375, -0.0016797071461754642
440, 77, 1697, 3.9947615070430316, 28.304914474487305, -0.0059326449843568356
80, 77, 1877, 4.759856811476928, 26.12891960144043, 0.014175820592012944
125, 77, 1877, 4.750549208759574, 25.81852149963379, 0.016702288899941332
170, 77, 1877, 4.80211009006462, 24.33222770690918, 0.01784722376522255
215, 77, 1877, 4.828567413848579, 24.55031967163086, 0.005461277834917155
260, 77, 1877, 4.73046333221491, 24.437305450439453, 0.014420262544158
305, 77, 1877, 4.712779090607193, 24.37799644470215, 0.01423987300480393
350, 77, 1877, 4.690544711703533, 24.53041648864746, 0.002568258528785859
395, 77, 1877, 4.675979736060219, 24.402488708496094, 0.0015036825618216867
440, 77, 1877, 3.9792968312323223, 24.59408187866211, -0.002406170099415539
80, 257, 77, 4.733069489983351, 23.973731994628906, 0.0007589342002520977
125, 257, 77, 4.726059185447019, 23.59800148010254, 0.0002718410351476188
170, 257, 77, 4.834272881169257, 23.05910873413086, -0.0002849891484809956
215, 257, 77, 4.680878170448381, 23.137832641601562, 0.017292134520549476
260, 257, 77, 4.757693173644517, 23.33296775817871, 0.007584688535954037
305, 257, 77, 4.754167446376784, 23.5391845703125, 0.008289971267031243
350, 257, 77, 4.81960443033233, 23.76468276977539, 0.01635956231153669
395, 257, 77, 4.832695330052734, 24.938114166259766, -0.00024699804024007723
440, 257, 77, 4.067379796068099, 25.1079044342041, -0.008232808191640574
80, 257, 257, 4.836727727802539, 28.470962524414062, 0.0018322374762856362
125, 257, 257, 4.702981102927523, 28.71236801147461, -0.00138159530319766
170, 257, 257, 4.741662948000745, 28.169334411621094, 0.004854697924750788
215, 257, 257, 4.651741892018074, 28.23123550415039, 0.0001760518950978666
260, 257, 257, 4.7891839544981005, 28.954933166503906, -0.0007012886045728613
305, 257, 257, 4.755605455321513, 28.870861053466797, 0.007740842261069791
350, 257, 257, 4.790827909344462, 28.055809020996094, 0.012968953259676876
395, 257, 257, 4.761488518732175, 27.46462059020996, 0.0006882093356669685
440, 257, 257, 4.055741289137239, 27.525400161743164, 0.017487547177935672
80, 257, 437, 4.688205596704945, 28.56588363647461, 0.005449559243394568
125, 257, 437, 4.672905637476343, 27.24072265625, 0.0026829073136831723
170, 257, 437, 4.640906965774653, 26.82250213623047, 0.0057457322717878335
215, 257, 437, 4.697090321322401, 26.38245391845703, 0.018908218838296187
260, 257, 437, 4.710952304670218, 26.995323181152344, 0.027847610277048396
305, 257, 437, 4.595488696814995, 28.04317855834961, 0.022805436468441867
350, 257, 437, 4.767699465243474, 28.31985092163086, 0.006902323284059146
395, 257, 437, 4.695246142104206, 27.7714786529541, -0.0028792829325883706
440, 257, 437, 4.029179072226093, 27.59581756591797, -0.0014469600997120905
80, 257, 617, 4.732418351530156, 28.405128479003906, 0.03938718827455996
125, 257, 617, 4.750820967596224, 28.827062606811523, 0.032684113652193515
170, 257, 617, 4.7137319255112375, 29.546768188476562, 0.021495046188556594
215, 257, 617, 4.717667548178609, 29.294315338134766, 0.010846598299132858
260, 257, 617, 4.852030998282825, 29.539342880249023, 0.004300205848921402
305, 257, 617, 4.758111728557976, 28.405406951904297, 0.011516366810093936
350, 257, 617, 4.807486511191117, 28.417551040649414, 0.01341710425815128
395, 257, 617, 4.662786139374319, 27.987701416015625, 0.007810998821433229
440, 257, 617, 4.028818179794514, 28.04508399963379, -0.0023479627261107135
80, 257, 797, 4.607379297789661, 27.107852935791016, 0.0020952574103292074
125, 257, 797, 4.794477564150372, 26.440006256103516, 0.00892279549861287
170, 257, 797, 4.620523612104165, 26.679222106933594, 0.024778406607312543
215, 257, 797, 4.656357413461704, 26.426532745361328, 0.01087649641911993
260, 257, 797, 4.658501515489232, 25.721508026123047, 0.007751291880403917
305, 257, 797, 4.715478820977955, 25.20676040649414, 0.014873157766520019
350, 257, 797, 4.843360195312666, 25.605533599853516, 0.015313650301596763
395, 257, 797, 4.720225854546416, 26.318958282470703, -0.0021725791561932554
440, 257, 797, 3.975261966442706, 26.289894104003906, 0.005700989527155797
80, 257, 977, 4.867362776946247, 27.05020523071289, 0.0016510259397434464
125, 257, 977, 4.724370302361356, 26.94090461730957, 0.006481303074523262
170, 257, 977, 4.818917614255047, 27.325462341308594, 0.0025993151443341666
215, 257, 977, 4.759234311558273, 26.931705474853516, 0.026309170604466105
260, 257, 977, 4.812443379215816, 27.478832244873047, 0.02429998952606463
305, 257, 977, 4.68246975368905, 28.336894989013672, 0.014509334839641896
350, 257, 977, 4.7191650369661815, 27.296119689941406, 0.021544450055954626
395, 257, 977, 4.65172307106593, 26.856807708740234, 0.004813467935417454
440, 257, 977, 4.01735674316876, 26.380565643310547, 0.009248335337587144
80, 257, 1157, 4.826880319285309, 24.715757369995117, 0.04271999149339591
125, 257, 1157, 4.798612925494423, 24.774829864501953, 0.029546763461271292
170, 257, 1157, 4.8126935104623465, 25.039608001708984, 0.012149086792330737
215, 257, 1157, 4.886526772752816, 24.229412078857422, 0.03708090242035226
260, 257, 1157, 4.9336314040880564, 24.702136993408203, 0.07472664053193576
305, 257, 1157, 4.827560782402164, 25.52090072631836, 0.015191030873685911
350, 257, 1157, 4.767555106936105, 25.01357078552246, 0.0008224705725033407
395, 257, 1157, 4.89980566680886, 25.070697784423828, 0.004058282277039009
440, 257, 1157, 4.120648565131753, 25.69251823425293, -0.00757190009380046
80, 257, 1337, 4.8483137170266595, 25.698270797729492, 0.007700257817182541
125, 257, 1337, 4.710571136430858, 26.187602996826172, 0.011469775179765851
170, 257, 1337, 4.700249861789057, 26.488353729248047, 0.005038932582416938
215, 257, 1337, 4.767088906182097, 26.163501739501953, 0.013193499576188273
260, 257, 1337, 4.722037534818481, 27.155433654785156, 0.009556338177155722
305, 257, 1337, 4.700300847300694, 26.813453674316406, 0.004937933931126044
350, 257, 1337, 4.7260200837063335, 26.95965576171875, 0.011361866076928441
395, 257, 1337, 4.74191851884671, 26.301494598388672, -0.002296980830155111
440, 257, 1337, 4.118412629580452, 26.312793731689453, 0.004574342812302966
80, 257, 1517, 4.7025000279739135, 28.028343200683594, 0.017430297727462785
125, 257, 1517, 4.7275612770849955, 28.285621643066406, 0.0021215697825153717
170, 257, 1517, 4.597978064853818, 27.89724349975586, 0.009846405525087072
215, 257, 1517, 4.597863499438119, 27.518495559692383, -0.001782905410920796
260, 257, 1517, 4.645778995373504, 26.87632942199707, 0.009365165406582061
305, 257, 1517, 4.738918402929136, 26.880596160888672, 0.009877467696781482
350, 257, 1517, 4.767677461004398, 26.660350799560547, 0.012070177919531175
395, 257, 1517, 4.762690115390874, 27.11859893798828, -0.009077032527854016
440, 257, 1517, 4.030706321019786, 26.548276901245117, 0.0036780538166480132
80, 257, 1697, 4.654775712216545, 28.331050872802734, 0.01298328684045051
125, 257, 1697, 4.679971520389821, 28.50143051147461, 0.006544926745481106
170, 257, 1697, 4.664468720409984, 28.567354202270508, 0.007843980525913593
215, 257, 1697, 4.7434575047598635, 28.496192932128906, 0.022007396879076914
260, 257, 1697, 4.636186638761569, 28.210399627685547, 0.023727300627167755
305, 257, 1697, 4.6610234623051925, 28.405563354492188, 0.0035054750568220263
350, 257, 1697, 4.766794831951996, 27.920547485351562, 0.012120980274320799
395, 257, 1697, 4.805929543863627, 28.22022247314453, -0.006533997097538119
440, 257, 1697, 3.9851196573913232, 28.426815032958984, -0.005588059353144691
80, 257, 1877, 4.7269175845450935, 23.977676391601562, 0.013422626768507693
125, 257, 1877, 4.80060493010326, 23.525299072265625, 0.016225509518282832
170, 257, 1877, 4.770561812864635, 24.091445922851562, 0.015435777256424503
215, 257, 1877, 4.8172609747087325, 24.120935440063477, 0.015596497973229838
260, 257, 1877, 4.671003418198868, 23.98318862915039, 0.01898962402797236
305, 257, 1877, 4.752425711870633, 24.67877197265625, 0.016066313861940178
350, 257, 1877, 4.82247533241545, 25.186342239379883, 0.026212532338496977
395, 257, 1877, 4.697556637688458, 25.03544044494629, -0.00157344606000325
440, 257, 1877, 4.063179790671555, 24.717472076416016, 0.01342104019952113
80, 437, 77, 4.849779571406663, 24.176902770996094, 0.008902993423028945
125, 437, 77, 4.832877552926637, 23.757610321044922, 0.010261996230854253
170, 437, 77, 4.820863183259844, 23.7027587890625, 0.010866321284984234
215, 437, 77, 4.839345317061502, 24.239831924438477, 0.013552021967015795
260, 437, 77, 4.7961499648647825, 24.275863647460938, 0.007336959381571008
305, 437, 77, 4.81945449206945, 24.523271560668945, -0.0011663147036189811
350, 437, 77, 4.803779817778744, 24.950916290283203, 0.008412223157692638
395, 437, 77, 4.740123441924285, 24.98583221435547, -0.000907977896174549
440, 437, 77, 4.072678366744391, 24.895265579223633, -0.004643900357957292
80, 437, 257, 4.753405861107464, 24.513904571533203, 0.011319130538233786
125, 437, 257, 4.782864511589672, 23.819854736328125, 0.005938089535670931
170, 437, 257, 4.756358730824121, 23.835290908813477, 0.011745981377089511
215, 437, 257, 4.789264882824983, 24.148223876953125, 0.01332197481174129
260, 437, 257, 4.7480800648015205, 24.774490356445312, 0.014940799471977144
305, 437, 257, 4.823984201867831, 25.246868133544922, 0.003188729181075471
350, 437, 257, 4.777954872631521, 25.02590560913086, 0.012870948795723036
395, 437, 257, 4.759476691728479, 25.41912841796875, -0.006496191529017821
440, 437, 257, 4.128000466148308, 25.40914535522461, -0.0010028849543147074
80, 437, 437, 4.6842464132066794, 25.366867065429688, 0.003687703824592613
125, 437, 437, 4.822123076527767, 24.777952194213867, 0.014245931161577087
170, 437, 437, 4.797130407496688, 25.595558166503906, 0.014314135795035324
215, 437, 437, 4.8034778011150845, 25.65212631225586, -0.007196787102533471
260, 437, 437, 4.77669645012726, 25.48395347595215, 0.018750853683725546
305, 437, 437, 4.823764388895088, 25.406591415405273, 0.024628956623060028
350, 437, 437, 4.898778591328285, 25.127513885498047, 0.011717682999165176
395, 437, 437, 4.736355575374427, 25.96007537841797, -0.0013248714025371284
440, 437, 437, 4.093753787558543, 26.23444938659668, -0.000687448726064694
80, 437, 617, 4.826782049782408, 27.78927230834961, 0.0067449140030247535
125, 437, 617, 4.727455829350118, 27.30541229248047, 0.016577013733774022
170, 437, 617, 4.7041058686269555, 26.918058395385742, 0.014405659546887743
215, 437, 617, 4.777415705242968, 27.797183990478516, 0.013393837455603083
260, 437, 617, 4.723885335710415, 27.463272094726562, 0.010769414997989883
305, 437, 617, 4.712323463624905, 27.920475006103516, 0.017861376385768884
350, 437, 617, 4.7217866854468244, 27.149261474609375, 0.011489249880738028
395, 437, 617, 4.816377284767713, 27.004375457763672, 0.0024807387412340695
440, 437, 617, 4.011186713856291, 26.799854278564453, -0.007286315287309551
80, 437, 797, 4.904787329167704, 25.177703857421875, 0.028215972933981655
125, 437, 797, 4.823895204847216, 25.735488891601562, 0.040915702794304176
170, 437, 797, 4.82342272041829, 26.362457275390625, 0.022879866917298312
215, 437, 797, 4.84331057871862, 26.290637969970703, 0.036709440566540616
260, 437, 797, 4.7451196701557, 26.84969711303711, 0.011102724260667446
305, 437, 797, 4.621484396825098, 27.18484878540039, 0.015298340463742437
350, 437, 797, 4.671188747683809, 26.450714111328125, 0.013206492829800532
395, 437, 797, 4.628329241522834, 26.956863403320312, 0.0013178474199688974
440, 437, 797, 3.95919028770285, 27.227035522460938, -0.0054227032179639785
80, 437, 977, 4.666429835963656, 27.052595138549805, 0.013785787213684059
125, 437, 977, 4.643064464526592, 26.1262264251709, 0.02535735049094092
170, 437, 977, 4.721577655714885, 26.410741806030273, 0.010796251022425006
215, 437, 977, 4.718761375159677, 27.07497787475586, 0.027237253324194785
260, 437, 977, 4.675818427098344, 26.503232955932617, 0.015170889461099528
305, 437, 977, 4.71080021004598, 26.19628143310547, 0.010552785518994521
350, 437, 977, 4.754197687180437, 25.95219612121582, 0.013502160811074446
395, 437, 977, 4.682862394874316, 26.394426345825195, -0.009059870317624986
440, 437, 977, 4.036335372128252, 26.153839111328125, 0.01417997692988943
80, 437, 1157, 4.7500328772790175, 28.5531063079834, 0.006508941853277033
125, 437, 1157, 4.722518352382854, 27.439598083496094, 0.006133597093869155
170, 437, 1157, 4.721661392449501, 26.95856475830078, 0.017417840243060215
215, 437, 1157, 4.7565331357539815, 26.071151733398438, 0.011640725147917537
260, 437, 1157, 4.715085242077558, 25.91809844970703, 0.0366268114813066
305, 437, 1157, 4.749386874030675, 25.501094818115234, 0.027661942687915483
350, 437, 1157, 4.7550824695417395, 25.583385467529297, 0.014399962072956088
395, 437, 1157, 4.734676336014666, 26.79450798034668, -0.0001439555426692548
440, 437, 1157, 4.051576551471144, 27.45169448852539, -0.0037934138750902596
80, 437, 1337, 4.729542918403648, 26.217594146728516, 0.02379443585184798
125, 437, 1337, 4.8016121649718215, 25.22373390197754, 0.03296787238902874
170, 437, 1337, 4.906050263347359, 25.867305755615234, 0.036835799036371665
215, 437, 1337, 4.646867038323028, 26.256820678710938, 0.011364926880808441
260, 437, 1337, 4.771855002917767, 27.413116455078125, 0.013001342213996231
305, 437, 1337, 4.751927081386849, 27.170087814331055, 0.01855069210344649
350, 437, 1337, 4.803421627655345, 26.308839797973633, 0.03056955772061112
395, 437, 1337, 4.820907069200643, 26.625, -0.0017896064280012662
440, 437, 1337, 3.9920240839719914, 26.58112144470215, 0.010862727025758067
80, 437, 1517, 4.773714499956066, 29.20305633544922, 0.016712757169856065
125, 437, 1517, 4.77744364530286, 28.63806915283203, 0.011482325522566129
170, 437, 1517, 4.791267116292072, 27.9613037109375, 0.015398670440598578
215, 437, 1517, 4.808766141589621, 27.094770431518555, 0.018986613425956825
260, 437, 1517, 4.706058451366122, 26.839733123779297, 0.03768099757206661
305, 437, 1517, 4.707733261538702, 26.403018951416016, 0.026740042615111707
350, 437, 1517, 4.741566613842706, 27.26044464111328, 0.022112528815737158
395, 437, 1517, 4.744064065099357, 27.96088409423828, -0.0011982024834193312
440, 437, 1517, 4.020300264454125, 28.029727935791016, -0.0014149907719948269
80, 437, 1697, 4.684523744459873, 29.184059143066406, -0.0029284953644945723
125, 437, 1697, 4.581105456012429, 29.893558502197266, 0.005470071307000533
170, 437, 1697, 4.66981438437357, 29.12712860107422, 0.003137175799104072
215, 437, 1697, 4.740857462386375, 28.415056228637695, 0.006313881568486587
260, 437, 1697, 4.721904567496194, 29.011653900146484, 0.011485637639258955
305, 437, 1697, 4.746065056213378, 29.024883270263672, 0.016227224764877448
350, 437, 1697, 4.761141017984404, 28.552427291870117, 0.0036958531469470798
395, 437, 1697, 4.712796913174615, 28.83056640625, -0.006108670289968263
440, 437, 1697, 4.025003885443025, 28.894744873046875, -0.014045521009264381
80, 437, 1877, 4.70272526666377, 26.651229858398438, 0.025766213067884115
125, 437, 1877, 4.77753999043909, 25.84423065185547, 0.022335551633438096
170, 437, 1877, 4.659174963819276, 26.138347625732422, 0.013804685456553088
215, 437, 1877, 4.705186082467921, 25.964702606201172, 0.016907254672591687
260, 437, 1877, 4.787255330329867, 25.98664093017578, 0.017286400767138676
305, 437, 1877, 4.753143796376758, 26.314773559570312, 0.019919567655595005
350, 437, 1877, 4.784919323823437, 25.67232894897461, 0.008098981224884186
395, 437, 1877, 4.691684047834621, 25.66944122314453, -0.008879867735623524
440, 437, 1877, 4.070225983328031, 26.159679412841797, -0.0018263050312118491
80, 617, 77, 4.740698137741861, 27.751554489135742, 0.0007215168458459282
125, 617, 77, 4.692768132197961, 27.949583053588867, 0.013685946639151913
170, 617, 77, 4.796099562580657, 26.863794326782227, 0.01658355815083768
215, 617, 77, 4.719139910053278, 26.897733688354492, 0.008399485049026049
260, 617, 77, 4.734306159147508, 27.136157989501953, 0.01181223549296919
305, 617, 77, 4.7134190970705765, 27.193546295166016, 0.005680537721845442
350, 617, 77, 4.628031425220816, 27.499649047851562, 0.013219190808203603
395, 617, 77, 4.626085245192613, 27.067014694213867, -0.00032849772701940423
440, 617, 77, 3.9760933981661744, 26.655319213867188, 0.007133436813520138
80, 617, 257, 4.717292029091245, 26.04070281982422, 0.01262584913044889
125, 617, 257, 4.889510283050301, 26.12343406677246, -0.0003338337853427806
170, 617, 257, 4.693148789869967, 25.199962615966797, 0.02861527731321976
215, 617, 257, 4.65988845703025, 25.369110107421875, 0.008934448121525596
260, 617, 257, 4.740155663677734, 25.273653030395508, 0.015145084826340995
305, 617, 257, 4.818866617027359, 25.496532440185547, 0.012996535241202388
350, 617, 257, 4.768479246352382, 25.716718673706055, 0.018778764658444507
395, 617, 257, 4.729823139810246, 26.21782112121582, -0.0014522164949578786
440, 617, 257, 4.0146936440211185, 26.278980255126953, -0.011359154025779498
80, 617, 437, 4.735810598701828, 26.262184143066406, 0.013204804894097564
125, 617, 437, 4.7294762900459695, 26.04896354675293, 0.010713718422623846
170, 617, 437, 4.743021659679265, 25.767223358154297, 0.020415126127649084
215, 617, 437, 4.698597570015172, 25.644702911376953, 0.03518977387080444
260, 617, 437, 4.735268233140778, 25.771411895751953, 0.02755525549683425
305, 617, 437, 4.730064535236072, 26.731599807739258, 0.015939105723734453
350, 617, 437, 4.762712058976717, 27.280109405517578, 0.012253221631846781
395, 617, 437, 4.690643302198375, 27.100536346435547, -0.010596744214678678
440, 617, 437, 3.98836671110582, 27.080730438232422, 0.008045425959284244
80, 617, 617, 4.632183421450508, 27.117183685302734, 0.008325748311197268
125, 617, 617, 4.741646611840444, 27.430294036865234, 0.01251150770381528
170, 617, 617, 4.70385565725941, 27.099794387817383, 0.01207793041580349
215, 617, 617, 4.7486252317554065, 27.570024490356445, 0.002031502884887187
260, 617, 617, 4.820206261831777, 28.106124877929688, 0.004882527123977751
305, 617, 617, 4.81953401892278, 27.576082229614258, 0.009446726803786257
350, 617, 617, 4.855466490835206, 27.48319435119629, 0.011683744684686043
395, 617, 617, 4.772669321635896, 27.529544830322266, -0.004320608036894633
440, 617, 617, 4.029581020328505, 27.364992141723633, -0.01856463066975974
80, 617, 797, 4.831412126200702, 26.766475677490234, 0.013491938300778083
125, 617, 797, 4.826918725896049, 27.150161743164062, 0.02137357138374401
170, 617, 797, 4.711493306339583, 27.807830810546875, 0.017402910992423713
215, 617, 797, 4.787858054828094, 28.046165466308594, 0.004910440478184127
260, 617, 797, 4.6931791810112236, 27.569299697875977, 0.016949113246942895
305, 617, 797, 4.789467785509063, 26.894020080566406, 0.019149489442486387
350, 617, 797, 4.7839185481576, 26.713369369506836, 0.008606501135359683
395, 617, 797, 4.755713678044511, 26.837419509887695, 0.006236823790146583
440, 617, 797, 4.016956963357757, 27.005794525146484, 0.003215723144903914
80, 617, 977, 4.759055917490555, 27.701316833496094, 0.0014108837022407392
125, 617, 977, 4.751961047346066, 27.87973403930664, 0.013531503988441645
170, 617, 977, 4.6922847075606615, 28.2884464263916, -0.003650932181588618
215, 617, 977, 4.7781815410920325, 28.43252944946289, 0.005478651371899707
260, 617, 977, 4.825228802436136, 28.237579345703125, -0.0030644154000191823
305, 617, 977, 4.723955002788255, 29.148582458496094, 0.005988036873224754
350, 617, 977, 4.718831551629173, 28.508319854736328, 0.0034668315031171817
395, 617, 977, 4.772032883730216, 26.997230529785156, 0.007038663529428131
440, 617, 977, 4.0379554767161725, 27.041122436523438, 0.0013709638115513888
80, 617, 1157, 4.75403681186443, 28.57672882080078, 0.04480969404615274
125, 617, 1157, 4.678903391209873, 28.775936126708984, 0.035918320685775613
170, 617, 1157, 4.7752334068714415, 27.497859954833984, 0.0075445373812157044
215, 617, 1157, 4.643392669764099, 27.06072425842285, 0.02531412838023731
260, 617, 1157, 4.76000137182685, 28.241119384765625, 0.02429806625807054
305, 617, 1157, 4.610028230431225, 28.642602920532227, 0.03745604267968305
350, 617, 1157, 4.78848325981081, 28.56243324279785, 0.014725037608360182
395, 617, 1157, 4.768436273490896, 27.782989501953125, 0.007313697531805188
440, 617, 1157, 3.9831773011188414, 27.935771942138672, -0.004036472218118515
80, 617, 1337, 4.572441403726114, 25.778640747070312, 0.03762647211731737
125, 617, 1337, 4.658496306695992, 26.536388397216797, 0.03748211260291075
170, 617, 1337, 4.612403545786073, 26.72236442565918, 0.03621766805960689
215, 617, 1337, 4.747329393380446, 28.222370147705078, 0.022433667540522742
260, 617, 1337, 4.607555048462168, 26.958881378173828, 0.06481747036308762
305, 617, 1337, 4.683441009760583, 26.703113555908203, 0.012749018404328292
350, 617, 1337, 4.799841467469234, 26.203269958496094, 0.009760851123899423
395, 617, 1337, 4.842196428911409, 26.76299285888672, 0.003073002791684592
440, 617, 1337, 4.025713258567828, 27.07174301147461, -0.001198488376184383
80, 617, 1517, 4.710071189458048, 27.36717987060547, 0.0312780489702653
125, 617, 1517, 4.7665317085994525, 28.119762420654297, 0.015209545624331399
170, 617, 1517, 4.812545130861785, 27.22510528564453, 0.019718736913910018
215, 617, 1517, 4.762786383252582, 27.5799617767334, 0.0037233942366703063
260, 617, 1517, 4.834364764275858, 27.567237854003906, -0.0014730759661402471
305, 617, 1517, 4.704234790305298, 28.322975158691406, 0.0044888568466905894
350, 617, 1517, 4.600398486899556, 28.47089385986328, 0.012795942427973649
395, 617, 1517, 4.7153957026365445, 28.116025924682617, -0.00446296030552554
440, 617, 1517, 4.049764566962462, 27.61721420288086, 0.002224483657827913
80, 617, 1697, 4.6773821327427285, 29.876924514770508, 0.006671131302270762
125, 617, 1697, 4.737259968680148, 29.791091918945312, 0.005664614000228399
170, 617, 1697, 4.638590167634958, 29.62936019897461, 0.011462391950626828
215, 617, 1697, 4.7549494237686565, 29.31289291381836, 0.01646782215983849
260, 617, 1697, 4.67688773484295, 29.20264434814453, 0.007949579090771782
305, 617, 1697, 4.621383078093564, 28.5941162109375, 0.00266659192765657
350, 617, 1697, 4.6842433501914575, 28.329833984375, 0.01296586177122382
395, 617, 1697, 4.785089649724812, 28.040332794189453, 0.0006608344450238544
440, 617, 1697, 3.9948849682654752, 27.951560974121094, 0.014631805148947723
80, 617, 1877, 4.752621595873693, 26.294334411621094, -0.0012841567938149869
125, 617, 1877, 4.675486857714866, 26.286170959472656, 0.02222433192041906
170, 617, 1877, 4.7324494261091195, 26.542760848999023, 0.009879357828143271
215, 617, 1877, 4.633414776211087, 26.930938720703125, 0.0019255910268771183
260, 617, 1877, 4.689500655245315, 26.923288345336914, 0.006558821688955801
305, 617, 1877, 4.571605354326981, 26.038192749023438, 0.02533045320376656
350, 617, 1877, 4.643932882755685, 25.984241485595703, 0.01611395699062438
395, 617, 1877, 4.686854373696051, 26.312013626098633, -0.0015822360128887464
440, 617, 1877, 3.972460692641585, 26.58124351501465, 0.013332095165923583
80, 797, 77, 4.714343970593211, 26.63831329345703, 0.007720900529062175
125, 797, 77, 4.605302690744767, 26.095115661621094, 0.013520497400534227
170, 797, 77, 4.828504172461364, 25.557132720947266, 0.01710889371703209
215, 797, 77, 4.6771421324715625, 25.835023880004883, 0.019502273083152583
260, 797, 77, 4.801741467674363, 25.942562103271484, 0.014981262346437612
305, 797, 77, 4.762105067744337, 25.998741149902344, 0.008604200708568457
350, 797, 77, 4.720629328630394, 25.855743408203125, 0.012957338012760588
395, 797, 77, 4.752007800477018, 25.3424129486084, 0.005357093845651809
440, 797, 77, 4.050114699534905, 25.027616500854492, -0.0010089274191561561
80, 797, 257, 4.718801595597938, 27.50646209716797, 0.009676574880193368
125, 797, 257, 4.599386907151383, 28.004222869873047, 0.014121042247219096
170, 797, 257, 4.717033003580286, 27.49941635131836, 0.012121185796811656
215, 797, 257, 4.67126711906987, 27.022462844848633, 0.02593674012536104
260, 797, 257, 4.75610438675282, 27.59717559814453, 0.004689609185665454
305, 797, 257, 4.7417273908031286, 27.095291137695312, 0.013557076077716189
350, 797, 257, 4.75353463440222, 27.154659271240234, 0.01020706251187174
395, 797, 257, 4.729881083990477, 26.743362426757812, 0.0011494611583282247
440, 797, 257, 3.970062153403491, 27.01862335205078, -0.008989844725382414
80, 797, 437, 4.7913874171995285, 26.751934051513672, 0.0018427135922152867
125, 797, 437, 4.8444847300928275, 27.18539810180664, 0.01322201919165187
170, 797, 437, 4.7812812710490356, 26.90315818786621, 0.019793816155400688
215, 797, 437, 4.718654708727591, 26.793254852294922, 0.02285363645509896
260, 797, 437, 4.77753942453022, 26.971511840820312, 0.015331760417477221
305, 797, 437, 4.687271775156665, 27.508224487304688, 0.010377247141985325
350, 797, 437, 4.7253253775561035, 28.529626846313477, -0.0036727222895965653
395, 797, 437, 4.605299984219916, 28.078853607177734, -0.003942620123380017
440, 797, 437, 3.9578399700850704, 27.882831573486328, -0.004800550547292645
80, 797, 617, 4.758014330921105, 26.451141357421875, 0.020990242006586557
125, 797, 617, 4.769708786238678, 26.4454345703125, 0.023754614994775755
170, 797, 617, 4.821018248556332, 26.43846893310547, 0.0015707629867161709
215, 797, 617, 4.64233414115231, 26.247163772583008, 0.022755606003231038
260, 797, 617, 4.78330719119675, 25.818706512451172, 0.010121098866499686
305, 797, 617, 4.723653003842104, 25.377899169921875, 0.019488363629180376
350, 797, 617, 4.886771356585984, 25.873828887939453, 0.024395500561308243
395, 797, 617, 4.758396361016333, 26.504837036132812, 0.00038665017640295116
440, 797, 617, 4.096687093732522, 26.671573638916016, -0.027234077940529282
80, 797, 797, 4.7678729804349125, 25.932353973388672, 0.028348439992270383
125, 797, 797, 4.747509576271729, 26.11118507385254, 0.012942349229272326
170, 797, 797, 4.800382368805211, 26.95751190185547, 0.0001634629375136856
215, 797, 797, 4.742484404891401, 27.1124267578125, 0.013963696660077345
260, 797, 797, 4.815939994030398, 27.019176483154297, 0.026525044389565766
305, 797, 797, 4.745793306453417, 26.407474517822266, 0.017006910309738284
350, 797, 797, 4.718544075943261, 26.674226760864258, 0.021986828621119833
395, 797, 797, 4.753763106052743, 26.83415985107422, 0.008065816100686676
440, 797, 797, 4.044296289284517, 26.53618812561035, 0.007359629615795956
80, 797, 977, 4.816017242117114, 25.9438419342041, 0.028090873092606078
125, 797, 977, 4.758411845027841, 25.10913848876953, 0.017272949725418308
170, 797, 977, 4.766278091729641, 25.217750549316406, 0.015033586966083657
215, 797, 977, 4.794726016523097, 25.09348487854004, 0.006903355860994282
260, 797, 977, 4.768006455677917, 24.967063903808594, -8.323584165496744e-05
305, 797, 977, 4.797745602774779, 25.03691291809082, 0.007564355495103633
350, 797, 977, 4.677475118778357, 24.980541229248047, 0.014170849617039736
395, 797, 977, 4.694928237126795, 24.94818115234375, 0.0027117824433521634
440, 797, 977, 4.016659237853406, 24.890625, 0.004812270562567991
80, 797, 1157, 4.7657911876613355, 28.267223358154297, 0.0276421752448423
125, 797, 1157, 4.846422971054351, 28.40056800842285, 0.01828331386597652
170, 797, 1157, 4.6960812809661565, 28.511465072631836, 0.013496081691836562
215, 797, 1157, 4.7539656537495745, 28.419687271118164, -0.0021802385551196878
260, 797, 1157, 4.72969180079331, 27.50501823425293, 0.009854683321263718
305, 797, 1157, 4.6514576399068694, 28.55270767211914, 0.036588109660122985
350, 797, 1157, 4.775852237038754, 29.365581512451172, 0.026056206544932976
395, 797, 1157, 4.7318182332318655, 28.52753448486328, 0.011506731075648813
440, 797, 1157, 4.03381948727664, 27.98590087890625, -0.005552905367449181
80, 797, 1337, 4.607143027434418, 28.245073318481445, 0.014297211459866305
125, 797, 1337, 4.654047968152979, 28.538375854492188, 0.0025087400100974712
170, 797, 1337, 4.821520770589946, 27.631681442260742, 0.01185957059881238
215, 797, 1337, 4.842562593460862, 27.50160026550293, 0.03389651924246092
260, 797, 1337, 4.787936641566727, 27.352758407592773, 0.03836608493399639
305, 797, 1337, 4.729458772856585, 26.82666015625, 0.02331540352372443
350, 797, 1337, 4.775343665145865, 27.223621368408203, 0.01122298287889346
395, 797, 1337, 4.697035858427368, 27.637508392333984, 0.00014185733309757465
440, 797, 1337, 3.9549587654676994, 27.920982360839844, -0.001278892529593454
80, 797, 1517, 4.731996512928991, 28.77347183227539, 0.0029162420949170875
125, 797, 1517, 4.827172624338771, 28.11717987060547, 0.02736936775885072
170, 797, 1517, 4.854003698892114, 28.201637268066406, 0.001018781103646191
215, 797, 1517, 4.696771765366933, 28.128036499023438, 0.01598708487127081
260, 797, 1517, 4.779022862709575, 28.50140380859375, 0.011063155555480243
305, 797, 1517, 4.661535288290142, 28.35515785217285, 0.013420169451100214
350, 797, 1517, 4.773453553470338, 27.448917388916016, 0.012780449768287492
395, 797, 1517, 4.716832957370251, 27.376131057739258, -0.0007133905732033362
440, 797, 1517, 4.082615316972121, 27.516307830810547, -0.007253081160020249
80, 797, 1697, 4.726552782042487, 27.65865135192871, 0.005769011585008414
125, 797, 1697, 4.8240069256356595, 27.315555572509766, 0.0057473300066207935
170, 797, 1697, 4.760894780504198, 27.07889175415039, 0.01583257846012075
215, 797, 1697, 4.762912971338306, 26.211759567260742, 0.01381260541778525
260, 797, 1697, 4.833786618960577, 25.746124267578125, 0.013744737874605827
305, 797, 1697, 4.839367340342691, 25.850269317626953, 0.026415306423404294
350, 797, 1697, 4.79670278376321, 26.442075729370117, 0.0016126494969280697
395, 797, 1697, 4.781308550675433, 26.579172134399414, 0.0010287090235868506
440, 797, 1697, 4.054774990822425, 26.32325553894043, -0.00824605913386479
80, 797, 1877, 4.698856886191069, 25.319698333740234, 0.0071156266535259164
125, 797, 1877, 4.75348231601029, 25.228282928466797, 0.008188619979431268
170, 797, 1877, 4.819704131823847, 25.387836456298828, 0.0059864382994357064
215, 797, 1877, 4.8112117066359135, 25.608577728271484, 0.010650652090930909
260, 797, 1877, 4.776937357566372, 25.741714477539062, 0.0030880288731719202
305, 797, 1877, 4.804701070065111, 25.959197998046875, 0.002804770331250143
350, 797, 1877, 4.768977830220457, 26.47805404663086, -0.002630941969217015
395, 797, 1877, 4.78905569916781, 26.718975067138672, -0.006241882330214789
440, 797, 1877, 4.019984389063056, 26.83086395263672, 0.008101798846766544
80, 977, 77, 4.658811999882709, 25.754552841186523, 0.008347647026843558
125, 977, 77, 4.708084594707048, 25.470806121826172, 0.005004732347438136
170, 977, 77, 4.751216730685756, 25.24365234375, 0.004041280203299365
215, 977, 77, 4.710870564435467, 25.836427688598633, 0.0177083154868077
260, 977, 77, 4.73506319469292, 26.741230010986328, 0.009572003438508054
305, 977, 77, 4.798418989390797, 26.228471755981445, 0.011569642805641734
350, 977, 77, 4.763877428401229, 25.857654571533203, 0.004229466010287561
395, 977, 77, 4.660257767360235, 25.762039184570312, -0.006607327659673989
440, 977, 77, 4.041978417626932, 26.321460723876953, -0.005490892498026074
80, 977, 257, 4.778450618816111, 26.252155303955078, 0.03136598922971063
125, 977, 257, 4.765994507324298, 26.313156127929688, 0.019206998841122955
170, 977, 257, 4.813287449786543, 25.888530731201172, 0.01752963236896665
215, 977, 257, 4.777752666485249, 26.60301971435547, 0.0010407934675703565
260, 977, 257, 4.7194364287833475, 27.37934112548828, 0.014464383193630099
305, 977, 257, 4.861609889288201, 26.166521072387695, 0.03198098128381249
350, 977, 257, 4.731510653993421, 26.322776794433594, 0.0025297259296521595
395, 977, 257, 4.823634689328132, 26.93881607055664, 0.000220011136496464
440, 977, 257, 4.013442344059764, 27.2064208984375, -0.0013739720853442547
80, 977, 437, 4.7102955336925545, 27.994964599609375, 0.010467453575719387
125, 977, 437, 4.844546427266322, 26.829177856445312, 0.009525334053631217
170, 977, 437, 4.7363365009311735, 27.89932632446289, 0.042627856714513704
215, 977, 437, 4.7137139300866595, 27.465965270996094, 0.026442050784234138
260, 977, 437, 4.757749663283747, 26.342548370361328, 0.0019107113060017088
305, 977, 437, 4.625874908075991, 26.129783630371094, 0.014821931128279875
350, 977, 437, 4.66882959183911, 26.670574188232422, 0.057107212403283765
395, 977, 437, 4.885557114295745, 26.782318115234375, -0.01214249117208837
440, 977, 437, 3.9733635402350487, 27.043006896972656, 4.117544781743631e-06
80, 977, 617, 4.841006673605177, 26.82257843017578, -0.005149549281999097
125, 977, 617, 4.87028419254884, 26.72300148010254, 0.00834266695702017
170, 977, 617, 4.746109731633867, 27.388439178466797, 0.009697151888382207
215, 977, 617, 4.787558134032456, 27.475128173828125, 0.015441138437170158
260, 977, 617, 4.673660988116532, 26.752519607543945, 0.030381689228229796
305, 977, 617, 4.652836533580349, 25.916950225830078, 0.044574282658981924
350, 977, 617, 4.668688376392393, 26.267494201660156, 0.024242014587654848
395, 977, 617, 4.6322885653085875, 26.893478393554688, -0.001533011784720475
440, 977, 617, 3.9916276272406264, 26.90975570678711, -0.00859516590919735
80, 977, 797, 4.76744533534752, 26.540050506591797, -0.0020202034455203454
125, 977, 797, 4.645452997081942, 25.708398818969727, 0.01151105565752731
170, 977, 797, 4.753786763080793, 26.391963958740234, 0.008152798993551893
215, 977, 797, 4.850295781946645, 26.423423767089844, 0.013267227339724318
260, 977, 797, 4.799492372127394, 26.934947967529297, 0.013826615867336288
305, 977, 797, 4.814916330192263, 27.205591201782227, 0.016667433497295398
350, 977, 797, 4.71242038409407, 26.781845092773438, 0.008089654956595435
395, 977, 797, 4.732923226628958, 26.649333953857422, 0.006491280625746468
440, 977, 797, 4.003914773694788, 26.600788116455078, 0.005002138851605231
80, 977, 977, 4.717889589628976, 28.396875381469727, 0.008592136286820805
125, 977, 977, 4.755614289850469, 29.213449478149414, -0.0016121670872267973
170, 977, 977, 4.817692865170245, 29.35848045349121, 0.009472427294734388
215, 977, 977, 4.792548582023671, 29.30852508544922, 0.00988882967851369
260, 977, 977, 4.724076979682649, 29.340272903442383, 0.002231934805031524
305, 977, 977, 4.831904962718144, 28.433103561401367, 0.01748141325697473
350, 977, 977, 4.738514954468156, 27.192195892333984, 0.02561232187883027
395, 977, 977, 4.795645846990081, 27.27648162841797, 0.0026970196992244034
440, 977, 977, 4.069781352219575, 26.990129470825195, 0.00435847994288729
80, 977, 1157, 4.679168758043142, 30.467601776123047, 0.004595163569703192
125, 977, 1157, 4.621601563526734, 30.35193634033203, 0.005928979682070892
170, 977, 1157, 4.719802283999641, 30.380592346191406, -0.00043861929461360246
215, 977, 1157, 4.647729658202961, 30.555023193359375, 0.002035256505506599
260, 977, 1157, 4.701346004323736, 30.43352508544922, -0.002141278253098781
305, 977, 1157, 4.6255756249728694, 30.744483947753906, 0.002304068457055644
350, 977, 1157, 4.68903172854344, 30.397125244140625, -0.016824194258363692
395, 977, 1157, 4.76880361262095, 29.98788833618164, -0.003559905202020475
440, 977, 1157, 4.0267544436812575, 29.730850219726562, 0.0028682775702949755
80, 977, 1337, 4.762855695334031, 29.474987030029297, 0.006027591036798536
125, 977, 1337, 4.639970276530956, 29.645490646362305, 0.01194186636426905
170, 977, 1337, 4.770061677089111, 29.77141571044922, 0.004269137940464652
215, 977, 1337, 4.689665901416066, 30.160444259643555, 0.0015810079272089766
260, 977, 1337, 4.6922753519736276, 29.698875427246094, 0.005416467286057587
305, 977, 1337, 4.735810039038185, 29.009212493896484, 0.012774435812830883
350, 977, 1337, 4.738529572107012, 29.181568145751953, 0.0011947196280362785
395, 977, 1337, 4.686267849147435, 28.990440368652344, -0.00016007631417041797
440, 977, 1337, 4.002855196380193, 28.93310546875, -0.0041598121381093665
80, 977, 1517, 4.796888306066004, 26.599449157714844, 0.0242345527642267
125, 977, 1517, 4.655189027270033, 26.461151123046875, 0.030306141030990243
170, 977, 1517, 4.838777729928471, 26.997234344482422, 0.018080413367742704
215, 977, 1517, 4.797167906747513, 26.81442642211914, 0.016597141430949466
260, 977, 1517, 4.755824274819353, 26.620532989501953, 0.02124335206357425
305, 977, 1517, 4.665789563236531, 26.26218032836914, 0.024278420931489963
350, 977, 1517, 4.728803926941988, 26.882110595703125, -0.0007275879681333913
395, 977, 1517, 4.772934922980013, 27.353187561035156, 0.0041739221843591
440, 977, 1517, 4.042666610703376, 27.27996826171875, 0.012811564155212733
80, 977, 1697, 4.716713882116541, 26.591632843017578, 0.02770152385664405
125, 977, 1697, 4.652083175840552, 27.08262062072754, 0.025881901329683734
170, 977, 1697, 4.740963984277667, 27.529293060302734, 0.016690187776339578
215, 977, 1697, 4.8112565364569795, 26.07251739501953, 0.01860585815344319
260, 977, 1697, 4.69347597159596, 27.271800994873047, 0.005695561715212816
305, 977, 1697, 4.737707944892581, 26.768537521362305, 0.011496664293703078
350, 977, 1697, 4.790595089237068, 26.715862274169922, 0.012737891741312948
395, 977, 1697, 4.810957058735364, 26.347881317138672, 0.0008579524766064631
440, 977, 1697, 4.019763730032132, 26.369731903076172, 0.0006695477953726157
80, 977, 1877, 4.8264698918026525, 25.684009552001953, 0.04079156866335215
125, 977, 1877, 4.7818600393270625, 25.8936710357666, 0.033608989007737414
170, 977, 1877, 4.727514798396422, 26.336332321166992, 0.008458359668473256
215, 977, 1877, 4.733585254816232, 26.99747085571289, -0.001051579708171284
260, 977, 1877, 4.721859539197816, 27.491579055786133, 0.0014387513575192536
305, 977, 1877, 4.662066923041475, 26.585983276367188, 0.023080026316894233
350, 977, 1877, 4.862313834824872, 25.962148666381836, 0.016165907002880335
395, 977, 1877, 4.801798521651436, 26.856403350830078, -0.006673903596564178
440, 977, 1877, 3.9986630603762596, 26.855091094970703, -0.0011057260447951953
80, 1157, 77, 4.859861599164233, 26.06731605529785, 0.009078942901551246
125, 1157, 77, 4.8310347545609735, 26.056625366210938, 0.010348558138940516
170, 1157, 77, 4.791889745841461, 25.937660217285156, 0.022551951322701016
215, 1157, 77, 4.791366493995834, 25.646268844604492, 0.02499390098035725
260, 1157, 77, 4.888871308125234, 25.57876205444336, 0.010551381151633085
305, 1157, 77, 4.79721903493894, 25.33211898803711, 0.01095402922405546
350, 1157, 77, 4.7970099245252555, 25.495235443115234, 0.024487506419452378
395, 1157, 77, 4.769819311328923, 26.16512680053711, 0.004446797568963623
440, 1157, 77, 4.048113659530844, 26.889476776123047, 0.0007256180554645544
80, 1157, 257, 4.714000127271254, 28.213848114013672, 0.003807662961584337
125, 1157, 257, 4.6739791119372, 27.935792922973633, 0.009806877310094908
170, 1157, 257, 4.7537992903257855, 28.199726104736328, 0.0010020864116148036
215, 1157, 257, 4.645687608323774, 27.43459701538086, 0.019660245795366568
260, 1157, 257, 4.617914108423173, 27.279056549072266, 0.0036468466004550048
305, 1157, 257, 4.820663453149392, 27.672548294067383, 0.016494380376587466
350, 1157, 257, 4.820270167434008, 27.17519760131836, 0.02110848848858182
395, 1157, 257, 4.6888675494291325, 27.15465545654297, 0.001975997877805606
440, 1157, 257, 3.981283208644085, 27.47164535522461, 0.0014790725548737872
80, 1157, 437, 4.790248845265893, 27.17513656616211, 0.03695149399890853
125, 1157, 437, 4.854710571677959, 27.56170654296875, 0.04085603267818411
170, 1157, 437, 4.860905824521424, 27.44853973388672, 0.017897068546910058
215, 1157, 437, 4.719392703816321, 27.777313232421875, 0.012618484928840913
260, 1157, 437, 4.8466526608741525, 27.413925170898438, 0.03259568629997447
305, 1157, 437, 4.655276285626217, 27.298933029174805, 0.005979306220821961
350, 1157, 437, 4.762722029428115, 27.53934097290039, 0.0047900721089934005
395, 1157, 437, 4.744704303047462, 27.408748626708984, 0.0002363660723418954
440, 1157, 437, 4.02935947076474, 27.463226318359375, -0.013771555380044825
80, 1157, 617, 4.7397587317776, 25.760591506958008, 0.029910849208077305
125, 1157, 617, 4.664094874397444, 26.92314338684082, 0.03213631002881142
170, 1157, 617, 4.639256255551448, 27.358835220336914, 0.022016003781110672
215, 1157, 617, 4.744137571261322, 27.413455963134766, 0.021190929029092594
260, 1157, 617, 4.841060745144994, 26.741924285888672, 0.01080846191401386
305, 1157, 617, 4.68039752194497, 26.811294555664062, 0.004951713964674148
350, 1157, 617, 4.805244655517961, 26.207996368408203, 0.015764016579860162
395, 1157, 617, 4.7529220608605165, 26.44399642944336, 0.010125408800788084
440, 1157, 617, 3.982709772892665, 26.518569946289062, 0.0032249725937960124
80, 1157, 797, 4.791659362515689, 26.745729446411133, 0.00704488306735108
125, 1157, 797, 4.819873814422345, 25.62911605834961, 0.010705448499834905
170, 1157, 797, 4.726282876461169, 26.12879180908203, 0.005170278461676388
215, 1157, 797, 4.673747354588574, 26.94119644165039, 0.009095623658549025
260, 1157, 797, 4.786779789069132, 26.25787353515625, 0.007337113034430464
305, 1157, 797, 4.729948047909632, 26.572690963745117, 0.018522739944519202
350, 1157, 797, 4.737406386436044, 27.3686466217041, 0.008282988667675604
395, 1157, 797, 4.655756394060226, 26.657684326171875, 0.0036872531050258193
440, 1157, 797, 3.853992480300871, 25.84038543701172, 0.002671295110670087
80, 1157, 977, 4.690060666225879, 25.00536346435547, 0.018432714184064586
125, 1157, 977, 4.753810310269957, 25.39920997619629, 0.00854365252838488
170, 1157, 977, 4.746821996671103, 26.017440795898438, 0.0007997909239273827
215, 1157, 977, 4.764691816900865, 25.073564529418945, 0.014651893350056048
260, 1157, 977, 4.681379100181717, 24.50745391845703, 0.03026657926989462
305, 1157, 977, 4.786235020081574, 25.008773803710938, 0.018650919779412
350, 1157, 977, 4.861740026956797, 25.120681762695312, 0.012580383406689528
395, 1157, 977, 4.8132182034869615, 25.924057006835938, 0.004818914934245958
440, 1157, 977, 4.102056027449173, 25.782785415649414, 0.003968169391646096
80, 1157, 1157, 4.694470290008058, 27.003692626953125, 0.015068854159262103
125, 1157, 1157, 4.654040505674734, 27.39563751220703, 0.015968391086483912
170, 1157, 1157, 4.70959221797579, 27.381492614746094, 0.02291233119352925
215, 1157, 1157, 4.666508674093369, 27.317333221435547, 0.024124832332677412
260, 1157, 1157, 4.676017172226878, 27.203948974609375, 0.008111196229678683
305, 1157, 1157, 4.763353416954283, 27.393447875976562, 0.0018256407825804327
350, 1157, 1157, 4.773815294066243, 27.364700317382812, 0.00650899594934864
395, 1157, 1157, 4.738223808293319, 27.99442481994629, 0.006588445737028442
440, 1157, 1157, 3.976831827500314, 28.13123321533203, 0.01359523912488162
80, 1157, 1337, 4.735397010245827, 27.65505599975586, 0.03290434777051008
125, 1157, 1337, 4.782987210773318, 27.55533218383789, 0.039763502527276395
170, 1157, 1337, 4.820796911652734, 28.022903442382812, 0.007829032076217959
215, 1157, 1337, 4.724449753409224, 29.378793716430664, 0.002226410571914542
260, 1157, 1337, 4.727769842470189, 28.605449676513672, 0.010397950297508176
305, 1157, 1337, 4.731723500701384, 29.056432723999023, 0.0027038669358732514
350, 1157, 1337, 4.686703682630193, 29.69966697692871, -0.0033698564933859055
395, 1157, 1337, 4.704598486897641, 29.067819595336914, 0.0038065517544167765
440, 1157, 1337, 3.938420180760001, 28.891666412353516, -0.004642729575298325
80, 1157, 1517, 4.817519146121666, 27.28416633605957, 0.04527464122351937
125, 1157, 1517, 4.772030295917894, 27.307451248168945, 0.026536683279771437
170, 1157, 1517, 4.8120886223333414, 27.293153762817383, 0.03453450902522135
215, 1157, 1517, 4.862557428680945, 27.10103988647461, 0.05648782829484572
260, 1157, 1517, 4.804479505377871, 27.425983428955078, 0.036706768419318664
305, 1157, 1517, 4.777926641626068, 27.730472564697266, 0.026507031006004912
350, 1157, 1517, 4.918613410674007, 27.367294311523438, 0.018703560089511212
395, 1157, 1517, 4.7618670476129115, 27.0289363861084, 0.0045123695584868805
440, 1157, 1517, 4.001762445737052, 27.214332580566406, 0.019768053972842002
80, 1157, 1697, 4.714556001822047, 25.558673858642578, 0.039972165913861296
125, 1157, 1697, 4.821726233845391, 25.94293975830078, 0.028220845042589895
170, 1157, 1697, 4.652636063726996, 25.702001571655273, 0.023134972579187226
215, 1157, 1697, 4.77071841126509, 25.040355682373047, 0.022185394165521715
260, 1157, 1697, 4.717268107020072, 25.330913543701172, 0.03205407810094546
305, 1157, 1697, 4.762543356923429, 26.195072174072266, 0.021926816009805932
350, 1157, 1697, 4.722523509003023, 26.043949127197266, 0.027085413563600287
395, 1157, 1697, 4.822118240654584, 25.65825080871582, -0.004295525270365923
440, 1157, 1697, 4.1275945343490115, 25.50186538696289, -0.006230771587658154
80, 1157, 1877, 4.704684943985324, 24.636211395263672, 0.032912383524116066
125, 1157, 1877, 4.671712925657004, 25.150178909301758, 0.033537881763045285
170, 1157, 1877, 4.6843600769674625, 25.53136444091797, 0.03032035543196197
215, 1157, 1877, 4.695649812914035, 25.8067626953125, 0.018606459384225976
260, 1157, 1877, 4.701605387311208, 25.108022689819336, 0.029026911062379326
305, 1157, 1877, 4.750188030206046, 25.2572078704834, 0.01047468733426583
350, 1157, 1877, 4.7964871911674365, 26.506263732910156, 0.0016670415267764048
395, 1157, 1877, 4.72750251387252, 26.879154205322266, -0.004119416731849934
440, 1157, 1877, 4.066053475653097, 26.700740814208984, 0.006147373073983905
80, 1337, 77, 4.8409264610916205, 27.027103424072266, 0.03681263206223283
125, 1337, 77, 4.848407564674987, 27.95142364501953, 0.021354176354467933
170, 1337, 77, 4.724911471679508, 28.425975799560547, 0.010062465441341324
215, 1337, 77, 4.75217723382863, 28.408042907714844, 0.011526008799968394
260, 1337, 77, 4.767997075122106, 29.057065963745117, 0.011168979431002608
305, 1337, 77, 4.736666238213185, 29.050554275512695, 0.0023642325951458605
350, 1337, 77, 4.650357172353644, 29.208648681640625, 0.004014857767284458
395, 1337, 77, 4.775133771052301, 28.157312393188477, -0.0015276009135687333
440, 1337, 77, 3.996529019752195, 28.141094207763672, -0.0015837621737501185
80, 1337, 257, 4.705026258639058, 27.20449447631836, 0.015493804452785675
125, 1337, 257, 4.703902714043475, 26.984561920166016, 0.0026861957973737974
170, 1337, 257, 4.7889840216707364, 26.618000030517578, 0.015977330827066136
215, 1337, 257, 4.715964710374293, 27.406009674072266, 0.02171699228753225
260, 1337, 257, 4.71824775957777, 27.2180233001709, 0.029635312417547858
305, 1337, 257, 4.75075465689525, 28.259567260742188, 0.010906447827778472
350, 1337, 257, 4.736397726654675, 27.45663070678711, 0.014700575661432645
395, 1337, 257, 4.774950536472941, 26.874378204345703, 0.006549559431498517
440, 1337, 257, 4.0446162830820125, 27.326976776123047, 0.005098593817254847
80, 1337, 437, 4.6658774148690005, 27.12587547302246, 0.03066331478944393
125, 1337, 437, 4.624996995148774, 27.473487854003906, 0.0143806426554364
170, 1337, 437, 4.828553984769976, 25.651973724365234, 0.013166804825962776
215, 1337, 437, 4.690590956490359, 26.07195281982422, 0.018297766241259804
260, 1337, 437, 4.678735533097714, 26.245441436767578, 0.008913737761470473
305, 1337, 437, 4.774798286909363, 26.59490966796875, 0.013445184432263516
350, 1337, 437, 4.7097318327127144, 26.59381675720215, 0.016959214525024715
395, 1337, 437, 4.759684301434457, 27.007259368896484, 0.006460719917092807
440, 1337, 437, 4.036026783458927, 27.092063903808594, -0.000493010624587874
80, 1337, 617, 4.705802692411458, 27.759546279907227, 0.0024458907402297825
125, 1337, 617, 4.58369451091861, 27.304981231689453, 0.002295101621635157
170, 1337, 617, 4.615488415133828, 27.71285629272461, 0.008036903483920598
215, 1337, 617, 4.670850404089485, 26.930233001708984, 0.013295347117349102
260, 1337, 617, 4.624963433464115, 26.302555084228516, 0.02253537382220926
305, 1337, 617, 4.712582626619037, 26.880229949951172, 0.008252166889936935
350, 1337, 617, 4.624459598643144, 26.581527709960938, 0.012527901179980025
395, 1337, 617, 4.80992267051613, 26.481666564941406, 0.0033495339807672175
440, 1337, 617, 4.0332213502271745, 26.44217300415039, -0.006732120950340404
80, 1337, 797, 4.761887964068264, 25.088714599609375, 0.027237909081656558
125, 1337, 797, 4.781397405361195, 25.30475616455078, 0.016041573596162345
170, 1337, 797, 4.801399897799946, 24.928409576416016, 0.02349632424183189
215, 1337, 797, 4.876070011946314, 25.379226684570312, 0.025526355362758144
260, 1337, 797, 4.834693360814134, 25.497045516967773, 0.008180443406521075
305, 1337, 797, 4.732369932527565, 25.905969619750977, 0.0036359945904551527
350, 1337, 797, 4.833360371811745, 25.80095672607422, -0.0057831137030407275
395, 1337, 797, 4.782261114772577, 25.622648239135742, -0.004316817434214251
440, 1337, 797, 3.9515377098089752, 25.688383102416992, 0.008470257004496475
80, 1337, 977, 4.843694796674659, 24.300785064697266, 0.010845471955012245
125, 1337, 977, 4.681953419199278, 24.47309112548828, 0.00917167111616936
170, 1337, 977, 4.701420657585249, 24.636093139648438, 0.012300646395873239
215, 1337, 977, 4.612775035907171, 23.891141891479492, 0.012663640459827506
260, 1337, 977, 4.739587090259574, 23.718120574951172, 0.010240543250003002
305, 1337, 977, 4.658528573356598, 24.147022247314453, 0.01135321147986999
350, 1337, 977, 4.732187501409316, 25.16927719116211, 0.002705696595793512
395, 1337, 977, 4.796830296385149, 25.067739486694336, -0.0032267311904163325
440, 1337, 977, 4.0410641818974025, 24.876605987548828, -0.001763060397341381
80, 1337, 1157, 4.697119033970776, 25.943784713745117, -0.00040870763754933696
125, 1337, 1157, 4.749788728858932, 26.3712158203125, 0.014327353005090391
170, 1337, 1157, 4.7705296191115245, 26.107276916503906, 0.006563011537867274
215, 1337, 1157, 4.848153921184221, 26.129207611083984, 0.0060032328504853235
260, 1337, 1157, 4.800297710250356, 25.613882064819336, 0.019555311945664577
305, 1337, 1157, 4.903234708792321, 25.796932220458984, 0.008626762337550645
350, 1337, 1157, 4.806445635517999, 26.145946502685547, 0.00033968342703476
395, 1337, 1157, 4.667305716424949, 25.838905334472656, 0.006175111960923727
440, 1337, 1157, 4.026509040974787, 26.10671043395996, 0.011958249450969526
80, 1337, 1337, 4.759235677812669, 24.972904205322266, 0.01726371966686515
125, 1337, 1337, 4.72424762485124, 24.558799743652344, 0.009247450380860875
170, 1337, 1337, 4.827275989441853, 23.685543060302734, 0.019495216410286897
215, 1337, 1337, 4.790352481049562, 23.535690307617188, 0.012688100718947432
260, 1337, 1337, 4.751191875128482, 23.834606170654297, 0.012370325157559205
305, 1337, 1337, 4.732001381859494, 24.68074607849121, -0.002280063863281761
350, 1337, 1337, 4.852547232581097, 25.046310424804688, 0.0013722806798721798
395, 1337, 1337, 4.840921573236987, 25.626537322998047, 0.004574917603599929
440, 1337, 1337, 4.113066479469234, 25.93161392211914, -0.011835616520011506
80, 1337, 1517, 4.689721358175203, 23.959562301635742, 0.020850841814935777
125, 1337, 1517, 4.785616665198818, 24.272350311279297, 0.016416928709960196
170, 1337, 1517, 4.552013410069549, 24.700458526611328, 0.013594576022238278
215, 1337, 1517, 4.612507164814906, 24.857391357421875, 0.0184087130045749
260, 1337, 1517, 4.796676901175489, 24.48639678955078, 0.018514628831421773
305, 1337, 1517, 4.757227645054943, 25.1630859375, 0.02748786780433493
350, 1337, 1517, 4.507399667479, 26.283187866210938, 0.014382930878602275
395, 1337, 1517, 4.738280954613917, 25.831754684448242, -0.003187902188495655
440, 1337, 1517, 4.005081398880873, 25.7333984375, 0.0035681301900786964
80, 1337, 1697, 4.699790282979778, 28.617870330810547, 0.0029837036833720385
125, 1337, 1697, 4.778508084767056, 28.010080337524414, 0.013109558812048729
170, 1337, 1697, 4.763719773592753, 27.079931259155273, 0.009136533950920412
215, 1337, 1697, 4.776670324717298, 25.867263793945312, 0.030733206375791997
260, 1337, 1697, 4.800487132004603, 25.445323944091797, 0.026414864755419015
305, 1337, 1697, 4.646615876719081, 25.332653045654297, 0.032126431152388314
350, 1337, 1697, 4.604536976081305, 25.6436767578125, 0.036221122783280164
395, 1337, 1697, 4.7971046294822335, 25.2615966796875, 0.0008220870155925897
440, 1337, 1697, 4.087398221663017, 24.774839401245117, -0.01690803684671981
80, 1337, 1877, 4.848032612097085, 25.155609130859375, 0.014381777315717107
125, 1337, 1877, 4.654645512809228, 24.260360717773438, 0.032603471188231634
170, 1337, 1877, 4.794907978199922, 23.906503677368164, 0.024742783704007242
215, 1337, 1877, 4.783376904443929, 23.840116500854492, 0.025672031489471548
260, 1337, 1877, 4.88109572425104, 24.17223358154297, 0.028166094283712813
305, 1337, 1877, 4.672661688987304, 25.125364303588867, 0.022657182794125694
350, 1337, 1877, 4.82856038555046, 25.303974151611328, 0.0074259392182535805
395, 1337, 1877, 4.827687706917258, 25.038679122924805, 0.0042715191774584434
440, 1337, 1877, 4.021964430178724, 24.515701293945312, -0.001740672125204389
80, 1517, 77, 4.759210860626825, 28.571409225463867, 0.012249988252053551
125, 1517, 77, 4.756249087077783, 28.56479263305664, 0.002458517766746745
170, 1517, 77, 4.706811057928738, 28.29087257385254, -0.001437255255480971
215, 1517, 77, 4.695074179520387, 28.349063873291016, 0.015927698407898
260, 1517, 77, 4.812174719549596, 27.380817413330078, 0.022189092941211186
305, 1517, 77, 4.854357701948994, 26.423561096191406, 0.015274884371958829
350, 1517, 77, 4.82860970471624, 26.81818389892578, 0.017850419202662986
395, 1517, 77, 4.836109320359322, 27.018569946289062, -0.007764353682272889
440, 1517, 77, 4.047359330074473, 27.58222007751465, -0.014555314633257635
80, 1517, 257, 4.7617570449288795, 27.350727081298828, 0.013043470557235457
125, 1517, 257, 4.673226500531785, 28.044036865234375, 0.009116660674535041
170, 1517, 257, 4.640853502997858, 27.66324234008789, 0.02385340949510908
215, 1517, 257, 4.645156577524295, 27.285621643066406, 0.010775291045508251
260, 1517, 257, 4.756671244688979, 26.96023178100586, 0.012970898855158753
305, 1517, 257, 4.740089796473364, 27.229421615600586, 0.010243949332589803
350, 1517, 257, 4.681103479321781, 27.514169692993164, 0.02392986452817677
395, 1517, 257, 4.7827963528841195, 26.888412475585938, -0.003703763391368001
440, 1517, 257, 4.090149723126428, 26.928321838378906, 0.004189467424561493
80, 1517, 437, 4.728601104619774, 26.106430053710938, 0.01983801056800216
125, 1517, 437, 4.690834615988429, 27.067996978759766, 0.021752098318663492
170, 1517, 437, 4.7134040597290845, 26.760372161865234, 0.028727882223291715
215, 1517, 437, 4.726395219530773, 26.814329147338867, 0.012704827603965695
260, 1517, 437, 4.700277190690957, 27.827503204345703, 0.022821119095684097
305, 1517, 437, 4.716179286886215, 27.366798400878906, 0.02407141252688592
350, 1517, 437, 4.807583952763055, 27.272666931152344, 0.013826734667948988
395, 1517, 437, 4.879328397028878, 27.12109375, -0.004828239653517241
440, 1517, 437, 3.9651611742210457, 27.051883697509766, 0.013121775861330395
80, 1517, 617, 4.7618140967130795, 26.664283752441406, 0.031430644257920255
125, 1517, 617, 4.872467691761271, 26.734647750854492, 0.004988032366341767
170, 1517, 617, 4.7995626998924825, 27.167179107666016, 0.007139033646669012
215, 1517, 617, 4.721137959079332, 27.903156280517578, 0.010906845936864551
260, 1517, 617, 4.696563086820692, 26.788951873779297, 0.011734205690415648
305, 1517, 617, 4.706215484845553, 27.381935119628906, 0.0024332496479364083
350, 1517, 617, 4.688372536077528, 27.561077117919922, 0.003977981598026543
395, 1517, 617, 4.756539382594413, 27.351211547851562, 0.009405932191049939
440, 1517, 617, 4.057430044995713, 27.201187133789062, 0.0022899739569562996
80, 1517, 797, 4.710715617679628, 24.549243927001953, 0.006538660638679017
125, 1517, 797, 4.724859946215676, 25.255569458007812, 0.02388679585573953
170, 1517, 797, 4.793021099811045, 24.36990737915039, 0.007603049945260765
215, 1517, 797, 4.734242972995151, 23.81808090209961, 0.01993890484304907
260, 1517, 797, 4.79079361778038, 24.00783920288086, 0.02750797586381217
305, 1517, 797, 4.813239906351557, 24.377742767333984, 0.0046682190334208715
350, 1517, 797, 4.827314152745275, 24.560487747192383, 0.009790132684657633
395, 1517, 797, 4.807639264469566, 24.841510772705078, 0.00832485955465498
440, 1517, 797, 4.0296000480769, 24.75091552734375, -0.006435724221692819
80, 1517, 977, 4.891496628098363, 25.421899795532227, 0.012106914766909435
125, 1517, 977, 4.8162104935620995, 25.216434478759766, 0.012812002300684489
170, 1517, 977, 4.843006423071807, 24.88607406616211, 0.019694034186749147
215, 1517, 977, 4.779817718788878, 24.206953048706055, 0.022939903758103952
260, 1517, 977, 4.67094541845979, 24.31871795654297, 0.021632029067507164
305, 1517, 977, 4.784183361757768, 25.15410614013672, 0.019499848780750093
350, 1517, 977, 4.669802475151885, 25.403282165527344, 0.008985476984567375
395, 1517, 977, 4.7597473237155, 25.42432975769043, 0.0034791963684581975
440, 1517, 977, 4.065086930167868, 25.286556243896484, 0.012587716070490165
80, 1517, 1157, 4.8186337636743914, 26.941200256347656, 0.008239286198888536
125, 1517, 1157, 4.833420736006895, 27.371360778808594, 0.004628306996627058
170, 1517, 1157, 4.846795460358846, 27.528636932373047, 0.0031977117236633296
215, 1517, 1157, 4.74541416991748, 27.2680606842041, 0.022517672024793475
260, 1517, 1157, 4.772769140451199, 26.9273738861084, 0.008898033568838028
305, 1517, 1157, 4.727450814950107, 27.24039077758789, 0.007575605572416192
350, 1517, 1157, 4.820232836520342, 27.257400512695312, 0.004878197989912203
395, 1517, 1157, 4.700304142600365, 27.16539764404297, -0.0010920569322030436
440, 1517, 1157, 3.9352205324019267, 26.884326934814453, 0.002628416139405508
80, 1517, 1337, 4.689554686858407, 24.649518966674805, 0.004270914818620257
125, 1517, 1337, 4.739808072702821, 24.849777221679688, 0.0038429859110532135
170, 1517, 1337, 4.673690173309819, 24.78196144104004, 0.007217645714259763
215, 1517, 1337, 4.599016740478563, 25.17697525024414, 0.018670441540767264
260, 1517, 1337, 4.663137926495895, 25.345489501953125, 0.007119241622115476
305, 1517, 1337, 4.649273774341132, 25.673660278320312, 0.010536040391553883
350, 1517, 1337, 4.859194114871248, 26.10860824584961, 0.002952118938200018
395, 1517, 1337, 4.692787201075831, 25.677013397216797, -0.006255479812065814
440, 1517, 1337, 4.008410517188272, 25.763978958129883, 0.002307594847307484
80, 1517, 1517, 4.817646718902521, 24.463340759277344, 0.021506986360268886
125, 1517, 1517, 4.814424265279085, 24.608963012695312, 0.01480069096190224
170, 1517, 1517, 4.844439294015676, 24.270599365234375, 0.0048249408451943995
215, 1517, 1517, 4.73850421375115, 24.198043823242188, 0.015095818694145132
260, 1517, 1517, 4.741660322378397, 24.291259765625, 0.008747828327522928
305, 1517, 1517, 4.787357572463101, 24.421241760253906, 0.0018838304185002654
350, 1517, 1517, 4.778974951653407, 25.156700134277344, 0.019453034356221567
395, 1517, 1517, 4.7871303270328, 25.15528106689453, 0.0017502758414231696
440, 1517, 1517, 4.055164830461485, 24.73727798461914, 0.007514131767497794
80, 1517, 1697, 4.787086049653735, 23.549631118774414, 0.021478653892910194
125, 1517, 1697, 4.71142377331387, 23.60598373413086, 0.012365321876891712
170, 1517, 1697, 4.598070729572681, 23.92867660522461, 0.005005226148752336
215, 1517, 1697, 4.725336383623247, 22.921056747436523, 0.018473982472511502
260, 1517, 1697, 4.731208611590326, 22.933454513549805, 0.0040217393493390515
305, 1517, 1697, 4.6576388280043775, 23.267780303955078, 0.011348487056224307
350, 1517, 1697, 4.834423121371931, 22.81458854675293, 0.00772960541142642
395, 1517, 1697, 4.8251040347078025, 23.30685806274414, 0.0017844103014809179
440, 1517, 1697, 4.125730887284896, 23.34665298461914, -0.006282369501970149
80, 1517, 1877, 4.79486390739242, 23.775726318359375, 0.003554641201164738
125, 1517, 1877, 4.783930791151002, 23.72836685180664, 0.005537862525474186
170, 1517, 1877, 4.646353280455925, 23.702388763427734, 0.018086144625805867
215, 1517, 1877, 4.704354697121625, 24.14464569091797, 0.02362637736820412
260, 1517, 1877, 4.695497761340859, 24.294471740722656, 0.035581705122967607
305, 1517, 1877, 4.783827404641303, 24.207666397094727, 0.014505353727342001
350, 1517, 1877, 4.76790860098123, 23.810028076171875, 0.004685373560835223
395, 1517, 1877, 4.7381027061148275, 24.055347442626953, -0.004135528250078959
440, 1517, 1877, 4.049825032094694, 24.253374099731445, 0.004511786075848178
80, 1697, 77, 4.821663898739146, 26.290735244750977, 0.03420184631802785
125, 1697, 77, 4.659620617165852, 26.627592086791992, 0.0020040319076768203
170, 1697, 77, 4.857695069499166, 26.7392578125, 0.009946289581349566
215, 1697, 77, 4.738837436765935, 27.040630340576172, 0.00563304577037247
260, 1697, 77, 4.716174040926142, 26.316490173339844, 0.0096453536597674
305, 1697, 77, 4.860536139458401, 25.998661041259766, 0.006390873054834308
350, 1697, 77, 4.839742596638787, 25.598182678222656, 0.04785455547552533
395, 1697, 77, 4.778084567860108, 26.16089630126953, 0.01768073801840387
440, 1697, 77, 3.9912062806076625, 26.042213439941406, 0.11317479179449377
80, 1697, 257, 4.854027040983463, 26.089195251464844, 0.015987975141252646
125, 1697, 257, 4.859164324065529, 24.930580139160156, 0.037135321467201145
170, 1697, 257, 4.7375057540990015, 25.689468383789062, 0.0057912892116266145
215, 1697, 257, 4.670556277433078, 24.816181182861328, 0.010513593951656495
260, 1697, 257, 4.7775759905786055, 24.42079734802246, 0.011833108447677597
305, 1697, 257, 4.800079531797514, 24.460432052612305, 0.009070052164538704
350, 1697, 257, 4.776166716541544, 24.52222442626953, 0.0024620740703418394
395, 1697, 257, 4.7835777684584135, 24.702011108398438, 0.0014168353130134626
440, 1697, 257, 4.033013630004053, 25.158039093017578, -0.004487933403375236
80, 1697, 437, 4.700652566636826, 26.829143524169922, 0.014466279053314173
125, 1697, 437, 4.733431229668348, 26.455678939819336, 0.0142364259033228
170, 1697, 437, 4.799356336506301, 25.948528289794922, 0.018225328392577216
215, 1697, 437, 4.798664791881298, 26.86927032470703, 0.012583649284112913
260, 1697, 437, 4.911100255800592, 25.812795639038086, 0.03211257477437142
305, 1697, 437, 4.736868060718933, 26.72509002685547, 0.027271514372489588
350, 1697, 437, 4.784239622364984, 26.355497360229492, -0.0053673055747029885
395, 1697, 437, 4.7707773347148485, 26.497007369995117, -0.0009064005438011851
440, 1697, 437, 3.9419032742480926, 26.629276275634766, 0.00638542950651983
80, 1697, 617, 4.732732498844397, 27.423168182373047, 0.013589356121350173
125, 1697, 617, 4.704137728237631, 27.706684112548828, 0.0040994387557211085
170, 1697, 617, 4.7689256408630705, 28.208988189697266, 0.009529870146306624
215, 1697, 617, 4.694232037468283, 28.039073944091797, 0.008058153399912744
260, 1697, 617, 4.711118694784735, 28.14120864868164, 0.008511157071083617
305, 1697, 617, 4.674981634036726, 27.964550018310547, 0.0013335000357310527
350, 1697, 617, 4.608946846904592, 27.43780517578125, 0.017043069447100535
395, 1697, 617, 4.630567606163682, 27.607990264892578, -0.004630483454114234
440, 1697, 617, 4.039486152676978, 27.64255142211914, -0.020260570471045826
80, 1697, 797, 4.66974856916236, 26.861934661865234, 0.018265191306753685
125, 1697, 797, 4.708311509301868, 26.964603424072266, 0.016582053171368627
170, 1697, 797, 4.708105718742137, 26.573299407958984, 0.01963527614573804
215, 1697, 797, 4.789016740888827, 25.257301330566406, 0.03332698882146143
260, 1697, 797, 4.760782788508998, 24.640104293823242, 0.0335528622317507
305, 1697, 797, 4.707200688608109, 24.74886703491211, 0.037116202898581516
350, 1697, 797, 4.802591971689695, 25.92959976196289, 0.007508007855696663
395, 1697, 797, 4.74938344142312, 26.299205780029297, 0.0036003211680822066
440, 1697, 797, 4.012859975843554, 26.596595764160156, 0.013617117428076107
80, 1697, 977, 4.654541250145261, 26.49740219116211, 0.012282589333240446
125, 1697, 977, 4.791814222953885, 26.441972732543945, 0.025788839718129758
170, 1697, 977, 4.801078098463828, 25.75152587890625, 0.018123900170295033
215, 1697, 977, 4.814782055556677, 26.27228546142578, 0.00986708167220204
260, 1697, 977, 4.937948056063342, 25.998050689697266, 0.0014470741186161553
305, 1697, 977, 4.794420350098123, 25.717811584472656, 0.013390236208426972
350, 1697, 977, 4.813100576029046, 25.42865562438965, 0.016557597564225746
395, 1697, 977, 4.657808837164453, 26.256221771240234, 0.005039519304454799
440, 1697, 977, 3.999165647260972, 26.430828094482422, 0.012143605301778304
80, 1697, 1157, 4.781025278622153, 27.13092613220215, 0.0005156951339644779
125, 1697, 1157, 4.84246285801724, 27.7921142578125, 0.02133903140069316
170, 1697, 1157, 4.790320707910897, 28.14760971069336, 0.01808789131133259
215, 1697, 1157, 4.741909860784181, 27.929256439208984, 0.022154102045649583
260, 1697, 1157, 4.784580103925089, 27.115737915039062, 0.025233813018878237
305, 1697, 1157, 4.812215572634035, 26.30059814453125, 0.03781818265312771
350, 1697, 1157, 4.748909707301104, 26.856189727783203, 0.010811021180784683
395, 1697, 1157, 4.789784445654833, 27.0924072265625, 0.0014343644484677651
440, 1697, 1157, 4.043172782652859, 27.106685638427734, -0.01071559348290268
80, 1697, 1337, 4.800610860067698, 25.88639259338379, 0.024519407760665402
125, 1697, 1337, 4.675109706847355, 26.015865325927734, 0.027690462157536913
170, 1697, 1337, 4.677929962545389, 26.006790161132812, 0.009082607906974467
215, 1697, 1337, 4.693132370100912, 26.34847640991211, 0.03508153946471189
260, 1697, 1337, 4.629707207594644, 27.401058197021484, 0.032904664888671886
305, 1697, 1337, 4.713027052132126, 28.304048538208008, -0.005971609621319239
350, 1697, 1337, 4.732861791908484, 28.391218185424805, 0.001812763177716979
395, 1697, 1337, 4.6824189303271995, 26.88705825805664, 0.002444113369616751
440, 1697, 1337, 4.087713564318894, 26.170223236083984, 0.018594545024225875
80, 1697, 1517, 4.755578039637739, 24.564006805419922, 0.008600692773535104
125, 1697, 1517, 4.815755278270653, 24.959182739257812, 0.005450383885918984
170, 1697, 1517, 4.758682540989649, 24.321163177490234, 0.01328705810602551
215, 1697, 1517, 4.779673947992472, 23.84674072265625, 0.029089798191860472
260, 1697, 1517, 4.673821405972282, 24.658138275146484, 0.02180709406701872
305, 1697, 1517, 4.843930256898568, 25.27715301513672, 0.023192192872273268
350, 1697, 1517, 4.633529614400263, 25.67017364501953, 0.007254079085950796
395, 1697, 1517, 4.8147593760625815, 25.759763717651367, 0.002409051561038153
440, 1697, 1517, 4.016041436777851, 26.069202423095703, 0.02797613387221322
80, 1697, 1697, 4.777181712788694, 23.554946899414062, 0.01915567724716566
125, 1697, 1697, 4.705243819965193, 23.19149398803711, 0.0040044799781238085
170, 1697, 1697, 4.714451984039467, 23.020112991333008, 0.006088015224674806
215, 1697, 1697, 4.7993212111188805, 23.307891845703125, 0.001774567296106998
260, 1697, 1697, 4.815704420703733, 23.736299514770508, 0.0033565203834203684
305, 1697, 1697, 4.848050231228304, 24.32290267944336, 0.01882233854683702
350, 1697, 1697, 4.780015636017058, 23.953712463378906, 0.02055235673326885
395, 1697, 1697, 4.810061582992583, 23.690452575683594, 0.0019023918960736086
440, 1697, 1697, 4.146526580491528, 23.624813079833984, -0.013093235282256022
80, 1697, 1877, 4.7969372421415155, 22.864269256591797, 0.005812539049642375
125, 1697, 1877, 4.773297547210364, 22.626708984375, 0.014461892713222419
170, 1697, 1877, 4.74174711172989, 22.351970672607422, 0.003905300797645483
215, 1697, 1877, 4.819357194413562, 22.62598419189453, 0.006297192674848149
260, 1697, 1877, 4.587077478827138, 22.763410568237305, 0.0061680171990861205
305, 1697, 1877, 4.758670161453128, 23.08039093017578, 0.0037752084973876453
350, 1697, 1877, 4.765682186767399, 23.14984893798828, 0.00460456373780409
395, 1697, 1877, 4.713558844038923, 23.001605987548828, -0.0010843882270105464
440, 1697, 1877, 3.964273544305186, 22.909761428833008, -0.0015501606733015253
80, 1877, 77, 4.674884241937991, 23.05649185180664, 0.008236676513338113
125, 1877, 77, 4.740253685399052, 23.014455795288086, 0.009302111962164778
170, 1877, 77, 4.795597896372608, 22.71741485595703, 0.017712485137691622
215, 1877, 77, 4.793445776569695, 23.3133544921875, 0.003749097159440424
260, 1877, 77, 4.793468571919268, 23.144298553466797, 0.008562887178347885
305, 1877, 77, 4.727879308484833, 24.007068634033203, 0.010340915660697695
350, 1877, 77, 4.750956372962564, 23.950294494628906, 0.0029407035839128723
395, 1877, 77, 4.781664475784518, 23.438011169433594, -0.002954481727660852
440, 1877, 77, 4.032490486257239, 24.56304168701172, 0.0009248953352639249
80, 1877, 257, 4.939465921125581, 22.988239288330078, 0.016374904172348687
125, 1877, 257, 4.93040536991684, 24.61307144165039, 0.009724434388043044
170, 1877, 257, 4.911525864914689, 24.076765060424805, 0.010587985496908878
215, 1877, 257, 4.869751862204267, 24.815317153930664, -0.004589180880561625
260, 1877, 257, 4.849835486579857, 24.419490814208984, 0.014809980253042827
305, 1877, 257, 4.7785644346459195, 23.91142463684082, 0.0076038600758929825
350, 1877, 257, 4.816786161656728, 23.310644149780273, 0.001076853777931412
395, 1877, 257, 4.762434201435651, 23.43494415283203, -0.0034934597917935764
440, 1877, 257, 4.036452090087834, 23.134414672851562, 0.011598872880158961
80, 1877, 437, 4.865125101708888, 21.813461303710938, -0.005461198981090899
125, 1877, 437, 4.811592899137043, 21.94594955444336, 0.001241289901086423
170, 1877, 437, 4.783701509264098, 22.364704132080078, -0.003108855470329956
215, 1877, 437, 4.750504151242702, 22.322895050048828, -0.002331296836235645
260, 1877, 437, 4.648064422263139, 22.376638412475586, 0.0018383212273807767
305, 1877, 437, 4.758285730494268, 22.907455444335938, 0.005041138718913759
350, 1877, 437, 4.652586997437708, 24.282562255859375, 0.011392483298558041
395, 1877, 437, 4.6367546351415605, 23.534156799316406, -0.0011310190757651464
440, 1877, 437, 3.9885605099529964, 22.921550750732422, -0.018589734649397026
80, 1877, 617, 4.836395543540116, 24.74545669555664, 0.03771641296899898
125, 1877, 617, 4.701901324009126, 24.687864303588867, 0.0070016833994630745
170, 1877, 617, 4.934080756526851, 24.50946617126465, 0.014182231873557405
215, 1877, 617, 4.803999410237579, 25.259910583496094, 0.030986222776589963
260, 1877, 617, 4.8053135834851135, 26.15482521057129, 0.009890650025098232
305, 1877, 617, 4.699754181563171, 25.9434814453125, 0.00778633170595618
350, 1877, 617, 4.768609104592056, 26.055034637451172, 0.000335155218387187
395, 1877, 617, 4.764918279527928, 26.015796661376953, 0.0023348409113780277
440, 1877, 617, 4.045656510268449, 26.240968704223633, 0.002853251636109756
80, 1877, 797, 4.810234703359123, 28.661479949951172, 0.0029002136349654825
125, 1877, 797, 4.680689823566042, 28.805301666259766, 0.004671007580938801
170, 1877, 797, 4.733358509392565, 28.59035301208496, 0.009208178258789767
215, 1877, 797, 4.791558392535072, 28.93100357055664, 0.011682360589575868
260, 1877, 797, 4.763214698520265, 28.474651336669922, 0.006425183046861369
305, 1877, 797, 4.802625171704502, 27.851892471313477, 0.00688658082735741
350, 1877, 797, 4.687613241442401, 28.164630889892578, 0.010045350825542447
395, 1877, 797, 4.7786626240056185, 27.362030029296875, 0.0045070611821333454
440, 1877, 797, 4.097026422991353, 27.143028259277344, 0.0017235042633633464
80, 1877, 977, 4.702119819001807, 29.145675659179688, 0.022274065247160142
125, 1877, 977, 4.648101469215019, 29.508031845092773, 0.008593719775869655
170, 1877, 977, 4.748765146908141, 29.102962493896484, 0.00606374231662805
215, 1877, 977, 4.673743756482235, 29.20391082763672, 0.008408436279831656
260, 1877, 977, 4.796287275317051, 28.850074768066406, -0.001121659771884162
305, 1877, 977, 4.72167227040896, 28.252220153808594, 0.014482144870085553
350, 1877, 977, 4.817127749196635, 27.65802001953125, 0.012739706085938893
395, 1877, 977, 4.7404442444158095, 27.47461700439453, 0.004170015418942032
440, 1877, 977, 4.016529783224595, 27.596424102783203, 0.005044233887554497
80, 1877, 1157, 4.81281860416697, 28.64834976196289, 0.020640993808048957
125, 1877, 1157, 4.8032048305374255, 28.827693939208984, 0.0028648143181657557
170, 1877, 1157, 4.782793599993486, 28.155080795288086, 0.03573943537509774
215, 1877, 1157, 4.72935164272622, 28.366069793701172, 0.04755166782994137
260, 1877, 1157, 4.664020994792631, 29.537208557128906, 0.026731308347426614
305, 1877, 1157, 4.738490976112699, 30.433237075805664, 0.005900682803826124
350, 1877, 1157, 4.728857148430071, 29.051036834716797, 0.009088201973735978
395, 1877, 1157, 4.762641189358083, 28.72026824951172, -0.0005045364713748108
440, 1877, 1157, 4.0037848649292425, 28.55655288696289, -0.00564703320119772
80, 1877, 1337, 4.742028559226356, 27.58332061767578, 0.02504194598097348
125, 1877, 1337, 4.74292515721208, 26.653430938720703, 0.022164515438463497
170, 1877, 1337, 4.790781534658796, 26.433013916015625, 0.015388808654320447
215, 1877, 1337, 4.8516334515146875, 26.071765899658203, 0.019467564382355477
260, 1877, 1337, 4.666510440980872, 26.468143463134766, 0.011091470532900235
305, 1877, 1337, 4.729026644876088, 26.441835403442383, 0.022244907532363148
350, 1877, 1337, 4.77181688020218, 26.668033599853516, 0.016805995431929982
395, 1877, 1337, 4.883308654585454, 26.33194923400879, 0.004051575018472462
440, 1877, 1337, 4.061271893716104, 26.633798599243164, 0.0069309877416186905
80, 1877, 1517, 4.736982877519513, 25.555198669433594, 0.007023099624521174
125, 1877, 1517, 4.7811607804423515, 24.675552368164062, 0.017633766743430788
170, 1877, 1517, 4.771474538757438, 24.561033248901367, 0.017166307219204667
215, 1877, 1517, 4.63589963782416, 24.734447479248047, 0.009784653600996628
260, 1877, 1517, 4.7443347196844154, 24.322593688964844, 0.03723948906264253
305, 1877, 1517, 4.853360138897206, 23.627723693847656, 0.0257182699195184
350, 1877, 1517, 4.677710934629291, 23.516193389892578, 0.029184977618837284
395, 1877, 1517, 4.800692452263957, 24.283496856689453, -0.0002837131921249892
440, 1877, 1517, 4.090675810452545, 24.567901611328125, 0.008965733106229007
80, 1877, 1697, 4.65485589112765, 22.547908782958984, 0.02387305587753487
125, 1877, 1697, 4.664176392679542, 22.635482788085938, 0.009658022153980428
170, 1877, 1697, 4.7967075185681125, 22.602046966552734, 0.009813640742177119
215, 1877, 1697, 4.8986538631693035, 22.359725952148438, 0.001021402469590972
260, 1877, 1697, 4.815946170436685, 21.91284942626953, 0.006325081588481585
305, 1877, 1697, 4.715196684544927, 21.742233276367188, 0.006072471588182713
350, 1877, 1697, 4.866773266621384, 22.00395965576172, 0.01331249521842169
395, 1877, 1697, 4.941343883845094, 22.41822052001953, -0.004114795606964016
440, 1877, 1697, 4.062940477220587, 22.634384155273438, 0.005753747788160409
80, 1877, 1877, 4.913367750765679, 22.08499526977539, 0.003279545752769406
125, 1877, 1877, 4.8801115494294285, 22.121280670166016, 0.01452527802301331
170, 1877, 1877, 4.788481705819538, 22.228717803955078, 0.003987908725328974
215, 1877, 1877, 4.8328998051496885, 22.205379486083984, 0.005125296362823182
260, 1877, 1877, 4.863204384389562, 22.19266128540039, 0.005986299183409102
305, 1877, 1877, 4.770758345014796, 22.06435775756836, 0.005641038562734047
350, 1877, 1877, 4.8671113625954545, 22.285045623779297, 0.004788675049061836
395, 1877, 1877, 4.811021426136876, 22.454559326171875, 0.001241595200128932
440, 1877, 1877, 4.094844493170067, 22.451181411743164, -0.0036087859266594646
